collection,size
archiveteam_chromebot,478375772061
archiveteam,3549598985328833
archivebot,654008194147175
archiveteam_newssites,543904061205157
archiveteam_youtube,39511037242309
archiveteam_tumblr,46294872028478
archiveteam_jazzhands,334616809314
fav-duckhuntpr0,4166678593
archiveteam_flickr,6960919659353
fav-alrght,20722808275
bad-data,280233589562
fav-qiche,27190695536
web,3157168630051514
fav-advicisom,884006084
fav-jp771,775029026
twitterstream,3612954846547
fav-ridahiscool,3399734604
fav-johnjake,11353746
fav-hobopop,11353746
archiveteam_tor,337861782659
fav-sh0008,52631678
fav-makhow,5256433305
fav-celicacr,37595042
scam,2875760753
archiveteam_geocitiesjp,4504466127915
fav-gufanda,4473937159
fav-cbubala,1378380011
fav-vxbinaca,55398835467
fav-pietrot60,1143154338
fav-pasolar,3213719012
porn,122016827
fav-jose_borges,902213920
fav-ponybraddock,13078895246
fav-sveck,331874395
fav-christ_chan64,262645399
fav-tanbamboo,394467286
fav-klynn432,1164138174
fav-halcy0n,7043395994
fav-filoperegrino,917913716
fav-islanddisco,37027734055
fav-fabrace,209938298
fav-someone0000000000,77766532
fav-18gohde,5777616301
archiveteam_purevolume,317087482226
archiveteam_newspapers,2469143240232
archiveteam_github,1330489934000
fav-babyrot,550409367
fav-mattizundel,296407984
fav-edmund_21,116328867
fav-big_chab,362480459
fav-bouncetiger,13203046068
fav-emijrp,8970859611
fav-swrobel,441520950
fav-mf89,9888092
fav-concobar,8070425989
fav-ghostkilll,754005575
fav-spyfan,35149643
fav-audra_akins,20370616
fav-donsiye,6148776020
fav-yara_cabral-seixas,140577048
fav-jorge_miranda_poveda,27642847
fav-qc1111,3315580012
fav-lobodeoro,1332941413
fav-nyfa,619697361
fav-nadiahkim4,38708465
fav-14jammar,2576753705
archiveteam_yahoogroups,5665873902533
fav-freddie_mercury_bohemian_rhapsody,348060884
fav-zohan_gzz,44803667
fav-satellite_crew,76361621
fav-quantumbeeempath,9555412
fav-keldem,33256672
fav-pessoptomist,183716699
fav-aaagnenna,533642897
fav-philip_de_groot,5149562183
fav-yukoff,545123976
fav-the_archiver_2009,13354636
fav-jbalance,25830754547
fav-panfu28,25830754547
fav-giulicrds,234713903
fav-haileemilligan,480846386
fav-bdott33,8679398601
fav-02131productions,415431554
fav-jazzymatt77,93826612
fav-joehancock95,13025569802
fav-theshroomboi_gmail_com,7498610548
fav-aj_hart,211346488
fav-mentlamonkey1982,466167326
fav-bardou,8919032
fav-khalucie,1028424417
fav-volfox,1204777742
fav-jrdnsln,1593965180
fav-tetsuwan81,2778301096
fav-njadaka18,76576666
fav-gnaternies,915602511
fav-ian_ogdahl,61304168
fav-smallroom,255413561
fav-jm3,112567026
fav-mana_nana,333197631
fav-dambrou,410650313
fav-blargch,116977771
fav-sqphotography,2732544772
fav-mjs-ia,39572842
fav-kitsune_kean,3899997911
fav-freiner,28662206
fav-phycom,579764903
fav-michael_d_apos_abruzzo,256017305
fav-writerauiler,5183175955
fav-clubjosefina,447055727
fav-quietstorm67,44733907
fav-wesley_rhamer,87616664
fav-nklsfksdl,145254014
fav-realmasterpiecesofficial,578153697
fav-pugbug432,143586277
fav-gal_hakmon,129445925
fav-notmy_documents,1293456431
fav-yura_14,332324938
fav-phantm,187769268
fav-kirito1234,36438036
fav-jagecb,119746475
fav-bigmacsnackwrap,15791732
fav-ougonkishi,313168464
fav-solisx6,218363969
fav-mugenfightertube,2261857602
fav-mikeroush,1272229950
fav-nlawrence,1133493103
fav-mmmmmmaaaaaadmarta,1047287006
fav-tracy_satchwill,1612916727
fav-bajablast,1634346568
fav-avenger2008,1168382272
fav-sirugos,110813138
fav-elephant_of_surprise,988006231
fav-cutthroatroach,558716600
fav-kate_patsiavos,2172266603
fav-cairam,1743393459
fav-chris_mathisen,1244860259
fav-dominus-sathanas,127996305
fav-gashollear,1229680258
fav-david_smith1967,7630299708
fav-cole_1,505369306
fav-jude3tv,7414391240
fav-mszev,2732401323
fav-wholeyma,1684014011
fav-anton_walker,10293124657
fav-mineyoshi,557098624
fav-elijahthemoviefanatic,996830250
fav-cc3timlinn,164637733
fav-cddc,262816184
fav-lamedusalive,164637733
fav-mikehei,1826644250
fav-hgilchrist,339188054
fav-imnotfriendly,1840539310
fav-ralph3671,1188997942
fav-snot333x2,1663507511
fav-bartenational,132419245
fav-ponzo_227,530937039
fav-oneglobaluniversemusic,15521281
fav-taylorjune,59610899
fav-bradybunchnut,1523377843
fav-jodyvalyou70,1245519654
fav-tinsun,1245519654
fav-airelaaav,2781488606
fav-69redball,1344993654
fav-airstreamdriver,916706127
fav-affiliate_fantasmo,1045911702
fav-achildprincess,4329803763
fav-gobofraggle1983,3286902345
fav-penguingal,802041257
fav-brely7,1432670597
fav-daani_victoria,131189111
fav-shmhz72,174694070
fav-carlos_rafael_marin,43595935
fav-adexco,155407716
fav-valentinevoisin,143783837
fav-rivkah1,40913049
fav-veena_rodeo,14898715
fav-krazedkat,15217421
fav-tomjanovich47,24961051
fav-retnuham,510803970
fav-wylde86,9528228780
fav-saidab31,33858942
fav-jf_burguet,152079289
fav-rbhewitt,18343257
fav-dayanna_gon_alves,17955095
fav-mariomorgan,1604661976
fav-glickmandigitalmedia,1414736074
fav-rachelthecarrott,798980688
fav-maggiebowen,103769225
fav-kmckeon,65813971
fav-boldnic,26445766
fav-lostokie,22135257782
fav-zcargrl,25364874
fav-sharaesha,28735632
fav-vintageretroflashback,141862073
fav-rebecca_vera,81281877
fav-tiny_turtle1243,77700133
fav-clearance332,9354605563
fav-leilah8,612356292
fav-azurii,232125880
fav-brett34,572750837
fav-norm_beeches,236500587
fav-xxproreapsxx,144917929
archiveteam_ytmnd,844554832731
fav-justinc,41738932946
archiveteam_wiki,5067443600593
archiveteam_acidplanet,4747095112084
fav-muellz,134756404
fav-grey_beard_42,8977581114
fav-gentile66,170994961
fav-coleman300,3149298673
fav-mayen12,451085154
fav-pizza24,105252240
fav-qichuang,74570475
fav-aenos,52122792
fav-manzanapodrida,1452259561
fav-mark_e_tisckos,150321176
fav-kl678,402152097
fav-eroguro,402152097
fav-grasshopper1997,414082953
fav-jimmerang,17379065
fav-lobotomy_club,874894805
archiveteam_tindeck,268688480579
fav-tucsontobedty,591206505
fav-jennsmischief,233128781
fav-corvo_hawkins,1784034125
fav-travadap,45298061
fav-herbalm8den,344405483
fav-scott_lord,1282347473
fav-jhaemes,98759597
fav-19omhs72,1922765987
fav-rd1234,64257103
fav-the_emperor_of_television,386574676
fav-johnny_de_lux,142314277
fav-marissaechw,726566668
fav-kno2skull,272074492
fav-junkos_mood,28806586
fav-rhumduch,1472883420
fav-dannrayv2k,1337776428
fav-ericksoares3,190572959
fav-valkann,8720162
fav-paul_reis,3491361466
fav-koanhead,785277975
fav-jayece09,326581787
fav-zaeniam,7038275
fav-juchemedia,81884412
fav-nikitibr2003,139607572
fav-soapbar,38902872
fav-jamierjones,4935162
fav-lalit_saroya,1539150336
fav-dr_dubois,14863237
archiveteam_zetaboards,1872905413228
fav-vic123456789,480124107
fav-ducky007,1097964987
fav-xing1870,21672387
fav-chicagoan,1053857743
fav-rifftoons,7214055266
fav-undersniper1,378903333
archiveteam_500px,2264984923807
archiveteam-fire,42016887338662
fav-chiefyg3197,749798949201
fav-jjamppong,457009244
fav-nancy_joshua,174821779
fav-24tristanc_mtpanthers_org,174821779
fav-fred_h,376032453
fav-virtual_adept,69905
fav-bobbello,69905
fav-teradyne_altarious_ezeri,69905
fav-equaa,80643669565
fav-tomfhowe,26894557215
fav-lkbg,479820210
fav-rosyplateau667,170565203
fav-vilachan,35534852
fav-yellowyt,46325213
fav-llamastayman77,46297523
fav-mazza78,27690
fav-fatboytroy,15294264066
fav-namiki,27690
fav-robotattack,27690
fav-rqqq,188224790
fav-redharris0094,27690
fav-corvet_dragster688614679,365684842
fav-beefjerky26,27690
fav-iv4n15,27690
fav-_themelsh_,27690
fav-dlnick01,205338288
fav-dmit87,27690
fav-simon_homme_serna,168986530
fav-begen81,27690
fav-horetnius,27690
fav-rassenkriege,2498645163
fav-citizenalias,27690
fav-thirdpower,3212001893
fav-hytale,27690
fav-partesvulpiumerunt,116803042
fav-juan_carlos_franco,1326551491
archiveteam_videobot,119035780497681
fav-pedraumfrontflip,39078472
UrlteamWebCrawls,89058151769
fav-briantopinka,351649658
fav-secretchipz123,173675611
fav-g0bble,55756861
fav-yolandia,219329896
fav-mavalava,93429317
fav-odoakur,57676312
fav-mangonel,45256255072
fav-chezsick,45256255072
fav-kelsey_s_brewer,28928859
fav-m_crooijmans,17462611
fav-devlin_wallace,32195099
fav-greenpeamediastudios,1722624911
fav-mikemazzone,908715236
fav-falcrest0217,410093651
fav-stanpoel,52991794
fav-purplebean24,50683138
fav-brooker101,9343465
fav-ritschie,914149531
fav-akqueen,1239480674
fav-mrsbragdon,172035953
fav-angelt610,319743200
fav-religionswissenschaft,294768764
fav-uomovariabile,266002315
fav-kingification,31264668
fav-minicamarena,139845712
fav-randynavarro,139845712
fav-chronos-x,32261258
fav-mrdavemorgan,3241449
fav-charlotte_ryan,1085197602
fav-tartle,150129561
fav-kavick,29817740
fav-corchap,11466248
fav-dirtyjerry123,222640804
fav-markthelark,126316466
fav-bigjohny,428287527
fav-manbreaker_crag,1445167209
fav-ghast_wizard,2544347748
fav-chris3k,152651904
fav-fritzie101,13554638301
fav-jkalisze,21092068
fav-theealkwon,573308580
fav-resongon,1894994643
fav-farongil,448155200
fav-apollo111,628986924
fav-magnusw,657906197
fav-xahtep,151507820
fav-tom_delahoyde,269091202
fav-doriskruk,737698115
fav-mike_johnson145,130020519
fav-zeisters,32253640
fav-thefakemariorivera,447139954
fav-ali_kaan_karaak_n,1684077
fav-amalia3201,184134127
fav-oversalted,43536691
fav-stukill,300990664
fav-lazzy31,12826242
fav-media90pt,394164527
fav-nowapproved,973132286
fav-alexis_peterson,90494951
fav-cloudre,1730689167
fav-russianshack,147495106
fav-b_lint_horv_th,346699908
fav-observerandcollect,46084032
fav-tarataefi,432061927
fav-niahah,22206314
fav-trzaj283,797237594
fav-camille_buscemi,243883067
fav-seancojr,10849000
fav-dakotawillow,23943567653
fav-lonelyncold91,2948364748
fav-nairgovind,141882037
fav-nathan4d,62059265
fav-bhills99,1307201238
fav-itslegithugs00777,17325122
fav-jack_the_fish,983848954
fav-nono2,329970227
fav-el_reconquistador,123351199
fav-oyuntsengel_ts,157583159
fav-helena_marant,490596649
fav-germanischerstolz,232464982
fav-hvrstaffreporter,161543572
fav-sir_osis_of_liver,109426530
fav-pepper_tree,179673580
fav-antonie_aquino,1227990930
fav-siologen,1155694492
fav-swbraden,59241447
fav-farrenough,1516025714
fav-gkorablev,8297728953
fav-kclady,1244317298
fav-cro2_records,496736476
fav-avstock,1367899125
fav-rabiaabid,189048474
fav-janibie,209880293
fav-joenunez02,420013964
fav-tatiara7,1072721611
fav-iamcharlieg,1260731452
fav-betsyqross,13554218313
fav-sumomanu,734316130
fav-neovict,490330224
fav-edward_thomson,919277338
fav-maruchan,151556709
fav-rocketd,24330954381
fav-luisilverio,163946828
fav-ladbon,82853530
fav-konnies,270060744
fav-kgors,2345675034
fav-poponasu,308723766
fav-cyanbluesky,311575804
fav-sandra_nygren,2099434398
fav-rocketaholic,9938369801
fav-enamarley_gmail_com,476571625
fav-ray_gun_madness01,517331004
fav-librarysilence,693098984
fav-camilamarquez,298352255
fav-matt47,648732375
fav-courtneym,538884714
fav-justicelady,5715929317
fav-giovanni_damiola,265927593
fav-unperson,64483019
fav-john_amp_eli,40511958
fav-persephoneisnothome,344012469
fav-fai_earth,344012469
fav-matsanut,54319377
fav-sherryl_russell,304286512
fav-breakc0re231,314510273
fav-mmconti,85352397
warczone,7095860388683
fav-baillie88,595501850
fav-internet_malware,3031832169
fav-legaliseequality,875270039
archiveteam_vidme,144828396915032
fav-makazmk,1020205731
fav-skirmish101,522982449
fav-jaz_k,32926
fav-nickjuly04,864796420
archiveteam_yuku,4236019457105
archiveteam_roblox,4557008508156
archiveteam_mlkshk,2083609108339
archiveteam_miiverse,12744316296913
archiveteam_vine,2667385487193
fav-sn999999,233095222
fav-armsung,273511518
archiveteam_yahooanswers,33213983219234
fav-nordtoons_tm_,133027466
fav-atomet,157476491
fav-cptkidd26,733102862
fav-emilup,76121370
fav-ridhi8,76121370
fav-killerdana,245835936
fav-noella_oneness,245835936
fav-artsed4all,245835936
fav-keysersoze666,245835936
fav-awakenedveteran,18358782174
fav-patriot1122,24188748
fav-yoshiyamadeep,810093335
fav-vmakarov,139181860
fav-mariantonieta1912,1989145783
fav-ghostdragon903,201619110
fav-sjfield,533307596
fav-ali_p_52,10060950
fav-natypanda,4067124
fav-csollars,1166692927
fav-babytina,231970939
fav-nathanbatsleer,2964167
fav-s_n_trung,50201457
fav-personnanongratta777,101313198
fav-baileythompson,23170899
archiveteam_imzy,275371202213
fav-justaveragejoe,142183910
fav-monkeypunchz,421431538
fav-kateeredd,79598942
fav-chacrinha,1765390605
archiveteam_imdb,4096347682658
fav-alxmfn,207239059
fav-prisoner_1105,728008499
fav-oce76,99951744
fav-hthwmn,6996526
fav-baha_tuna,29501115646
fav-rafsanne,587478427
fav-ellipsea,73495957
fav-avidbooknut,324308042
fav-sbbr,495343232
fav-saqibs_wonderfilled,721002851
fav-sauterl,74632305
fav-warhol_superstar,74632305
fav-mrmoo46,74632305
fav-shitlistl7,74632305
fav-keri_johnson,74632305
fav-lpeagle,74632305
fav-jh4c,74632305
fav-andyjb,74632305
fav-suyen_huynh,689088224
fav-42psyche,1802675490
fav-mdlombard,15962594
loggedin,81237491
fav-ss_standartenf_hrer_micheal_lippert,88744384
fav-traspe,5614236406
fav-denizb,143470852
fav-ascendes_ad_inferos,241066232
fav-rojoleo,120322190
fav-detrixsta,16665881
fav-libbyljf,192316758
fav-saltgirl1116,307752919
fav-lfpalson,4850680340
fav-shaqur1,95227119
fav-lucymiranda,151252412
fav-rhawk301,194593047
fav-abootbrutus,289373920
fav-patrickvt,45072934
fav-egallager,1473161564
fav-buzznuckets,1650263
fav-sasm,797031551268
fav-izaacb,361523747
fav-campry,352484423
fav-megafat,293098009
fav-rconner381,128651967
fav-juliofuente5,152533859
fav-ronahut,342639656
fav-machow8,83767268
fav-isc442,68883191909
fav-xiumew,10966382
fav-rchk,820474169
fav-perrywallace1965,1544552545
fav-behildeer,19649356
fav-satans_daisy,702614372
fav-michael_nemeth,22925455
fav-cuba_pete,11267754
fav-leoconsoli,176299878
fav-shotsey,1515519865
fav-surtica,353557335
fav-axl07,1122444040
fav-koby_fine,28830979
fav-kirthgersen,864883910
fav-philly_walls,667035037
fav-tamnguyen,56161167
fav-thousandyearreich,2731570833
fav-kindle37,75884175
fav-ramuse1970,75884175
fav-nat_sat,78577134
fav-ejunior89,540561625
fav-igor_werner,83830682
fav-veronika_verochka,202523548
fav-abadan12,1346380754
fav-jochem_bos,118772908
fav-blood_order,8418753
fav-doctorbadwolf,7918995921
fav-militia_intelligence_report_2,663248333
fav-what_matters_worldwide,200001600
fav-d4rkillumination,121966225
fav-mukundsharma260284,295721547
fav-elcid123,586905105
fav-alexis_smith,570300860
fav-ali_lotfi,825886631
fav-jerome_matthews,106931607
fav-katqueen1313,51676923
fav-allmoderncons,353985132
fav-doyouknowdamoonman,357856198
fav-pistol_pearl,61063177
fav-banamine,399974817
fav-anson_l_payne,122485900
fav-rainbow1,105819384
fav-princess_vanessiarush,109322206
fav-marbernal,239025908
fav-jorobado_starrk,482537320
fav-mme_chat_noir,66501621
fav-kitoruido,330249526
fav-jason_alpert-wisnia,872367067
fav-nothingifnotintense,1291651830
fav-jason_soo,40341586
fav-mau42,17454195
fav-wraith777,368438125
fav-lucypurrington,81328753
fav-taramichele13,944728737
fav-honee1,41114863
fav-darrinslack,1117753225
fav-ltreidler,30184599
fav-truthseekers1,2534019351
fav-kloba,46292934
fav-fbutterfield,2806109427
fav-ybotto,37309301
fav-andrixb,63193981
fav-ra_apos_sun,100558840
fav-ker52,21326284
fav-bness,52235893
fav-emmor,78900037
fav-skylersulby,1552571204
fav-gae1412,126439786
fav-louis_hudson,56811791
fav-kaymonroeh,316263174
fav-lmelk,56028994
fav-aggiekrell,59159949
fav-mexicayotl,55129163
fav-c_quarks,52560658
fav-goombakuribo,206116204
fav-krisash326,268974882
fav-danavocado,495907659
fav-incendiary,1682209427
fav-tropicgal,33355896
fav-mbstang,183946313
fav-china2018,145652833
fav-sinderro,1315254621
fav-messerschmitt51,43375105
fav-kamil_kaczmarczyk,45669588
fav-eddyarb,1062162383
fav-augustus_the_third,58228853
fav-dj_goulash,2332482637
fav-ramon78,23290844
fav-thor2018,84887427
fav-riley7897,44021237
fav-andyjj,35835119
fav-vincent_nantel,81770894
fav-xiaoking521,2072093410
fav-qool,223445204
fav-tinaa2992,33851410
fav-cibps,466956859
fav-bufotenina,755860205
fav-matsurongosa,2917702212
fav-nicol_b,166827483
fav-preachaman_mancunia,110359113
fav-dora711,12778790
fav-rocketman85,59861491
fav-eduffaud,134644862
fav-jayesh_mishra,106785081
fav-medhatsaleh1968,4152205541
fav-collagenom,134109596
fav-ewalk9,74123595
fav-riley5656,25238820
fav-roseonthebloom,30684
fav-tamoe,30684
fav-harnezk,40416370
fav-lichtgebet,378954894
fav-logibear1964,378954894
fav-adam_bauer,221658965
fav-godzilla46,115797431
fav-soulflare3,109902322052
fav-blue_allen04,71337739
fav-goat35,34353027
fav-tamamog,947366364
fav-herobriankill,59642334
fav-likitane,408280282
fav-mankanshokumako,139396785
fav-fauxfire,33943
fav-equitte,285349555
fav-bradleyx50,805588215
fav-siege4444,68080936
fav-shakdahouse,171035941
fav-peggy_briscoe,266716971
violence,6993906349
fav-markboldizsar,356721843
fav-stainermmxxi,56646634
fav-tcia_cortez,19704183
fav-mnavvabi,1778645473
fav-anthonyjohn17,5101659063
fav-aheavydeath,58999584
fav-ronaldobasedgod,624414265
fav-jodriksen,161649244
fav-mfujioka,90496892
fav-radioxradio,1070395351
fav-tmoconnor,857267615
fav-stark002,6165095545
fav-alliwalk,935408397
fav-er99fo,860859740
fav-patrick_atthedisco,304800940
fav-aliqasim,124638618
fav-bob_jolly,161492513
fav-alwusaidi,157209011
fav-maxpower2000,112467604
fav-mereani,112467604
fav-natoles,112467604
fav-jjuenger,112467604
fav-nitemareof71,354975033
fav-mediablitz,9235996460
fav-eshmoke619,4060027559
fav-jozif,101949278
fav-missy85,1098381591
fav-konstlevin,431079011
fav-archiver849271,431079011
fav-p8triot,431079011
fav-hideandhair,666151346
fav-yubu,398583202
fav-basldenhaag,323880532
fav-manhattansunrise,258013427
fav-spodobek,429552235
fav-beto65,1493610461
fav-scitec,776000376
fav-sskinhhead88,984474155
fav-masterofrealityyy,344211008
fav-dreamtiger,614527292
fav-nicholaspaul,240051768
fav-yodamalko,158815199
fav-pr1vada,166326777
fav-jtsmith333,723193473
fav-walker66,723193473
fav-john_everman,99556355
fav-hidethedecline,977874698
fav-beatles4ever,174674319
fav-liberty-rose_urban,77786894
fav-mariah5,1138648466
fav-livingrommcinema,614238031
fav-pignango,614238031
fav-shaysreblog,304497587
fav-tindjo,180225872
fav-codeone,160746383
fav-ob69,160746383
fav-toolsky,1170043287
fav-cdobson,619552173
fav-heir704,310585009
fav-misusarchive,94737178
fav-rusydi,68202072
fav-naeemuldeen,1479756194
fav-sisterseeth,270181956
fav-slashtubitch,543989604
fav-allsorts,563124795
fav-ultra_goy,78718151
fav-mysmartimage,88866006
fav-malimo,86334278
fav-mdg29x,138280922
fav-mato1892,133931179
fav-emetra,119770043
fav-teut-schland,99359702
fav-ns-america,205310598
fav-ol_rin33,68048735
fav-scottish_fascist,190117321
fav-slipthepepper,21204546
fav-radrabbit,654811050
fav-michael_charteris,59401405
fav-nbu_scotland1_gmail_com,82208406
fav-ur_mom_ghey,23919486
fav-rosalindaortega,42340367
fav-kendragreer,42340367
fav-mondibori,396629695
fav-oorlab,49715233
fav-lindemann42,15072948
fav-anecatam,124534214
fav-blackvomit,3762693
fav-wpv3,9173094
fav-kyle_victory,4505664
fav-mtpain,48692612385
fav-xorphplex,89160222
fav-buchnarre123,201676834
fav-gabrielagranados,39433701
fav-zwolle,108220696
fav-knifeparty81,94241217
fav-tag_steve,73918100
fav-rebevva,135873698
fav-marcellius_ac,148254329
fav-jakej,76091212
fav-mowac,39394463
archiveteam_ipernity,14595412454590
fav-viporim42,144931142
fav-ralfi,145462831
fav-wfrandles,36117377
archiveteam_musicbrainz,1147787120804
archiveteam_panoramio,286653460387150
fav-enurv,571004429
archiveteam_googlecode,54968131099436
archiveteam_eroshare,8421379003795
archiveteam_steamforums,1337804916355
fav-eacchan,1137984797
fav-8l337ee8,19747628
fav-blindlibrary80,549244722
archiveteam_pixiv,13269024041929
fav-queen_serenity,151706579
fav-markkg5,127312026
fav-wizard_of_weird,136655876
fav-mquitta,136655876
fav-grilldos,34350836404
fav-drew_slayton,250380494
fav-havocemperor,2156785538
fav-tillie_midnight,21736043
fav-notmydocuments,26290241
fav-zaroubc,40547662
fav-dustybutterfly,462061940
fav-andrea_thurber,14496342
fav-gendo2015,14496342
fav-ftpbfi,153550128
fav-saminur,26205511
fav-dwemusic1234,37612174
fav-eechampion,58846191
fav-krasenk,631034554
fav-eroticlounge68,466475375
fav-michellejanc,1781737644
fav-roninyasuke,520614056
fav-tvvko_,520614056
fav-pecho_frio,463716323
fav-mauro_sergio,620766366
fav-jorge_mendez,597455162
fav-tracts_chick,3500113208
fav-dwayneb,827402610
fav-karengeier,827402610
fav-mindspaceapocalypse,310312020
fav-dawnieboi,48572967
fav-brandis,126040793
fav-nanesi,159082272
fav-louela,100669323
fav-lugburz,135170789
fav-booksearcher,1383047493
fav-jockinto,52603089745
fav-objaction,22325
fav-rwds-1488,2319373824
fav-savy005,110986913
fav-darylbot,304757959
fav-tonyt02,53448120
fav-mychemicalromance123,53448120
fav-caitlin_bournoville,67273244
fav-may_yazzie,78185985
fav-thadeusorelius,870324043
fav-jamiemars,9392758
fav-mlesh,9392758
fav-marmoh,9392758
fav-chubbyjay,14409637
fav-perkinssm,22328268
fav-ramzesxiii,922409606
fav-grimmtale,1181537290
fav-shiresquire,48668972
fav-aaronbrummett,47590083
fav-omrico,47246798
fav-rosymiss404,1165332867
fav-marco_razzano,831474791
fav-mgreenleaf,2065988046
fav-joel_bisson,923149912
fav-lonedeer438,49806126
fav-kalen_meeks,13505491
fav-duckiemac,8793779
fav-xiguli,8793779
fav-walbharri,2954462
fav-facultyendocrux,5449058
fav-lolosal,752092
fav-abigailm96,14391625
fav-makrist,3179841
fav-hinttv,108297226
fav-altrid,20324193
archiveteam_appnet,462879906579
fav-stef1967,691871242
fav-elmwalker,321917192
fav-occulusobscura,321917192
fav-rubrasil,246568497
fav-stephvelander,6579778
fav-alexander_grace,63704019
fav-franz_ost,742676523
fav-zephuros,2266144169
fav-jadams96,87396557
fav-tgggggg,88420536
fav-cnug,577219203
fav-okanagansage,217250349
fav-zenlunatic12,43130352
fav-tacticalpuguz12,1828066400
fav-tribe_of_grateful_phish,207876465
fav-lopan017,372129014
fav-m_kioko,234808303
fav-hurricane6,332358365
fav-jelena_osijek_hr,60908068
fav-emmanuel_monnoyeur,21180292
fav-se_or_hor,45201306
fav-madan_singi,1142649734
fav-jake-59,269613622
fav-zanpeck,157517404
fav-elainej96,1374044877
fav-emanuel_steel,647434129
fav-sloppybopboy,647434129
fav-6ziad6,332140425
fav-rebekah7280,228068560
fav-derro,228068560
fav-yellokat,353332514
fav-bojia,50400386
fav-jamal_coogid,549466998
fav-cartoonhistorian,3397329638
fav-eternal-now,389175391
fav-alynn99,6518635347
fav-lumpybutt33,1604399141
fav-sylentecho,3397329638
fav-ryanwilhelm,383724111
fav-brumfieldsd,1059353343
fav-affycat,911044709
fav-bigspliffytv,75554122
fav-tenkairoyalknightxx,202271422
fav-eggs1977,205030042
fav-mushbrain,6129459956
fav-cybersperg,1331620661
fav-comicspies,1331620661
fav-dada86,1331620661
fav-alyssa9510,647926461
fav-polygoneee,3008154247
fav-lasertimedaniel,3008154247
fav-ajayss,3008154247
fav-mikaelaarsenault,807191316
fav-intersectionfilms,129085811
fav-conanmcivor,129085811
fav-shmason,32383569
fav-cheesepudding,32383569
fav-tessla27,32383569
fav-scarface1993,517252190
fav-ahmel_arshad,1611592976
fav-songokage,42710524
fav-kryptkeeper,5984789382
fav-daffy1234,218476747
fav-jacinthstakes,9440593
fav-megadrivesonic,112858894
fav-nukethearchvist,28314226
fav-ea304gt,155721784
fav-weaver71,123878561
fav-vintageval1996,2242674
fav-travis_j,8488179
fav-katiedott11,67866229
fav-elinery2005,55738653
fav-jumex12,6530639
fav-cberman,88897665
fav-audioe97,132624582
fav-amkor454,70081910
fav-youblockedmeonbacebook,66117343
fav-simlovemusically,66117343
fav-impartial_crab,12989696
fav-tokyoposted,62542672
fav-jroark66,109036830
fav-jcasaco,284212727
fav-blamuka,284212727
fav-divinecreation922,501679304
fav-d0wnrr,120543219
fav-dharma_surfer,120543219
ciacrest,612611397249
fav-alessandro_rossi,35401843
fav-triviaqueen,72204923
fav-rchrd2,72204923
fav-coopfilms,92880442
fav-blak1,21352770
fav-eliamani,21352770
fav-boyingtondanielle,33544877
fav-sela_k,503760014
fav-gaiosi,63810750
fav-jbeamon,7686369
fav-lotte_vereecken,34269212
fav-mason_wilson,962944755
fav-bigscrat,48011689
fav-hiendbe,66799792327
fav-fish2000,66799792327
fav-carlo_lucifero,66799792327
fav-butman,66799792327
fav-phaedrablue,69766142
fav-andressolar,180920168
fav-thesteelmiller,312471747
fav-eeka,89222877
fav-prettytwisted,239656061
fav-amfarrar,424970930
fav-hjc_traveller,101905451
fav-dogtired75,1426717509
fav-zzepposs,1426717509
fav-decim8,1426717509
fav-dabumana,51511320
fav-fleabag_productions,8047024
fav-808crabby,46026937
fav-culturalcapital,78269182
fav-spettro_rec,7707637
fav-tomcatroberto,16576471
fav-thehulksmash,55862020
fav-historicusjoe,50138342
fav-yves1711,95749797
fav-jacque76,121729896
fav-silase,467524950
fav-historicaltruth_protonmail_com,47974009
fav-novislav,118872797
fav-oswald_foundation,17207776612
fav-timo_kivinen,103316096
fav-j_ger_pit,49278612
fav-shary_auf,49278612
fav-banktvg,20468300
fav-sarasa01200,44226247
fav-brendog1943,57252750
fav-biro12x,31518201
fav-granadier_so_bored,40302409
fav-sleepyusagi,63829936
fav-hallonina,42613763
fav-litzer,42613763
fav-mfadls,383742911
fav-jude_c,886200636
fav-das_paradoxon,74860444
fav-christian25000,48192917
fav-digaerin,99797275
fav-maikwl,513095705
fav-xmarine3053,1529586953
fav-panikbedlam,104617007
fav-theheadthomson,111935979
fav-paul_atreides,209674046
fav-pronails22,150284117
fav-markiegee50x,2186932835
fav-asuka120,2186932835
fav-tyson_watts1,217841795
fav-jonrok,693997511
fav-universal_lucifer_coven_2,104974956
fav-pay333,966318501
fav-marvinnotmartian,41682362
fav-kimbrayoung,49775277
fav-fluttershadow,197456691
fav-camperry,185739456
fav-pedrosng,178651219
fav-kfam,248389304
fav-_z_z_y_,55018311
fav-perona,43533035
fav-jsypher,128414640
fav-sebastion_a_williams,821419019
fav-pattuammal,49814621
fav-ghostvikingusmc,93352295
fav-falkonface,102928782
fav-leahlinaweaver,65876185
fav-chey_cannaday,297949025
fav-james_h_shurley,122846740
fav-mw92163,53392357
fav-squeakygate,86360055
fav-jameslau,35336867
fav-rzinner,33979033
fav-nickrivers_1984,38589167
fav-josebarrigudo,7864893336
fav-olaac,39684777
fav-pedropeira,97216599
fav-rusvell,284832967
fav-noshortcuts,509922241
fav-muddle_one,32403074
fav-dneitzke,96377858
fav-kristian_reynolds,21043616
fav-beishu_riseup_net,72292984
fav-mal-rose,25984279
fav-dmatarch,37337697
fav-int_center_for_african_culture_amp_arts,36333548
fav-jorge_valero,301965255
fav-jobelowen,36193512
fav-rob2156,724198728
fav-bryan_castro,194179352
fav-ian_amp_co_,81619289
fav-maja_daconte,43948189
fav-q_apos_s_views,118264242
fav-blackcrusader,530074193
fav-voltaire999,62170334
fav-caripo8,42824303
fav-par1138,793403931
fav-nicole2000,528595782
fav-oddnumbered,141278186
fav-ttannerut,174389882
fav-fakephilosopher,4619753187
fav-zongor,128911729
fav-jaydengreggc,142410515
fav-banfia,249157648
fav-suphumans,249157648
fav-happycappy74,2990030542
fav-komandormatt,54735879
fav-guilherme_b_ferri,54735879
fav-sheroesproductions,1643199586
archiveteam_rutracker,3594668699649
fav-jacobeveland72,34644939
fav-memelou,333223441
fav-vanimrod,48521274
fav-giovanni_rome,48521274
fav-aidunno,1431712968
fav-uclasny,40119683
fav-rieshus_nakagawa,45231688
fav-bugfactory,45651565
fav-tupaclives,53079531
fav-nzz_format,196189469
fav-mdmcginn,1830940393
fav-kristemo,2048660968
fav-mikzn,485771006
fav-anksen,3758656370
fav-gwmachado,2380746375
fav-mblancoru,1119679434
fav-michelle_t_nunes,1119679434
fav-hchen,983020660
fav-neurosploit,1369094060
fav-thingsyoudo,983020660
fav-aaronmtucker1,172579256
fav-audiomatu,390445714
fav-planetlucid,1514595909
fav-alvafrench,390445714
fav-skylervm,6032112
fav-cs_eom,785990517
fav-crystalcaverns,109225971
archiveteam_kenai,109719631103
fav-janiya_ijai_whittington,481739459
archiveteam_pdf,44497102720
archiveteam_torrents,1188359128050
archiveteam_ftp,42131679830242
archiveteam_bayimg,549573174747
archiveteam_orkut,2705967647087
archiveteam_fotolog,17041697394401
fav-insidethewoodencabinet,20156268
fav-mareadesol,197395371
fav-petiteford,260681296
fav-nathaliaf28,216229186
fav-mahran_abou_fakhr,116981060
fav-mmsingi,818646910
fav-trimeritus,1018940810
fav-zahraebrahimi,235915761
fav-azmediske,179596062
fav-user_10996,657842735
fav-designerdojo,718576885
fav-kevmark,504787031
fav-hippiechaka,191327152
fav-marcelita_swann,165447801
fav-livertea,127484195
fav-dawnlark,148977294
fav-arianitbobaj,226191067
fav-hillbs,458462933
fav-danyulconn,171177446
fav-marissa228,298436130
fav-jon_duckworth,123139616
fav-liamo79,195589689
fav-carmen_m_rquez,195589689
fav-lovebeef,23655
fav-professional_tourist,23655
fav-paesiello,136835150
fav-mr_vendetta27,192667982
fav-cortijo17,61219645
fav-alexchow,103910734
fav-patricioj,1317789347
fav-graniterockhead,1317789347
fav-skyrue,33147832
fav-nicolas_mayoraz,27512806
fav-tiagosight1069,27955361
fav-vkshipman,362072047
fav-alejandrayasmin,136912140
fav-shahjad_ansari,543317710
fav-betterskatez,76179693
fav-adnanebey,27714615
fav-raulp,3030660755
fav-pedro_eurico,1279264903
fav-millennialot,1518388520
fav-magnesamdal,197680105
fav-flavfa,178460122
fav-jeffrey_hunter,473243088
fav-pedrotenorio,135937349
fav-rebecca98,50666862
fav-brother333,365419150
fav-bigyburn,520241722
fav-kalinaree,120305296
fav-justa_throwaway,1179742324
fav-j_eye,91601602
fav-rubyray,19874724
fav-keirmedear,67884627
fav-sherman7,48958898
fav-kittinla,23927119
fav-chi_ly,46021662966
fav-police1236,34315918
fav-neutralegg,13104678
fav-knowencooper,13104678
fav-afrancl,327466928
fav-associate-christian-mccusker_archive_org,69308301
fav-abromeit,1882626596
fav-markbur,475494195
fav-katrinastewart,3887255810
fav-neighborhood_nationalist,681045772
fav-jonsondiego,1292772562
fav-carlos_pinheiro_torres,35451988
fav-herr_k,43367291
fav-mithra_magus,43526440
fav-soopah_di,50300316
fav-delta_omega,150885477
fav-yarner,88131044
fav-mrmdjr,60996671
fav-tah65,147318756
fav-johnjw,147318756
fav-tim_rothto,1242212156
fav-raniinar,1242212156
fav-tina_trillitzsch,1876215783
fav-michael_pittari,676115750
fav-drilmusic,631614257
fav-jmaryjones,123805404
fav-jonestowne,163074756
fav-solomon22,51718104
fav-kyparissiotes,681339664
fav-il_filostrato,688043126
fav-veronchikchikchik,688043126
fav-theblop,124271715
fav-simple_machine,124271715
fav-4m1r,308806931
fav-judith_enb,1261066941
fav-ibpace,1261066941
fav-raven7603,1261066941
fav-carlos-teran,1261066941
fav-zelam42,1261066941
fav-gleos,2951282438
fav-blureviews,1261066941
fav-westgermanwing,1261066941
fav-annesofielovesmozart,1261066941
fav-katyah27,1261066941
fav-sgtpepper1957,1261066941
fav-pyotr_matt,1419094018
fav-daniel_m_gibson,1834064208
fav-rchz,113772900
fav-sezaho,2685553700
fav-mondofilm,672904730
fav-papermaker,778306006
fav-mielome,234347207
fav-kraytrband,601627474
fav-oscarmonroy_,234347207
fav-hatrayaf,99678111
fav-melsurani,467085333
fav-misspettigrew,1259422490
fav-sliderule5656,1331981703
fav-mugger18,321016393
fav-caralampton,272344438
fav-dusky500,272344438
fav-adam_blank,343874972
fav-jojoexaste,343874972
fav-laparnassienne,170041661
fav-sideway7,170041661
fav-ponderer234,170041661
fav-dudtheinvisible,1263106853
fav-jorge_bandarra,189987418
fav-r_mhild_van_der_g_es,189987418
EndOfTerm2016WebCrawls,69391
EndofTermWebCrawls,69391
webwidecrawl,69391
fav-pegasusdba,1128400478
fav-bananadan2010,22905459
fav-emmakarin,34681741
fav-xlozdob,67095400
fav-mardiuno,965666026
fav-vasilisa_slava,763947621
fav-deutschlandfreundlich,852461000
fav-areteeudaemonia,967749751
fav-natwinscookies,884193214
fav-brotheryellow,1030953258
fav-ru_audiomind,823128064
fav-actonrose,110243371
fav-adinbied,18724
fav-emanmamdouh,796431619
fav-old_mans_archive,1147343852
fav-_apos_apos_um_vs_archive_apos_apos_,426906015
fav-sophiej96,383295638
fav-shakeyb,711767302
fav-jules626,711767302
fav-ctzen,830015715
fav-bjaxx,369584923
fav-esimpkins,1820264599
fav-th3idl3,386354049
fav-chiefyg,429901998
fav-lilyrosesmith1,360957806
fav-sleepingmountains,962340867
fav-bishop666,973399646
fav-crimsontoad,838887674
fav-dakotawal,1659979756
fav-fisiorking,165436099
fav-ss_android,859853138
fav-marion1eliz,105386897
fav-netm8kr,1380060912
fav-phillafire2003,352974391
fav-camilla_d,78234970
fav-mozkito,7373954356
fav-whereas,7277901347
fav-brendan_orr,7277901347
fav-ecranke,48939712
fav-rosstia5_gmail_com,48939712
fav-almedialv,45958809
fav-wannagut,1196308037
fav-dxpendleton,803995394
fav-adrowne,183614054
fav-stillscreen,194329927
fav-laura_hunter,70689553
fav-zsandoval,64779135
fav-west2017,85101476
fav-blaklord92,27223368
fav-paulacastillo,9370037
fav-yoshireads,333222150
fav-emilie_chedid,45658789
archiveteam_zippcast,4769430130683
archiveteam_screenr,997834685507
archiveteam_portalgraphics,403194915301
archiveteam_gamefront,39297458187365
archiveteam_myvip,2105656737481
archiveteam_nujij,594807958813
archiveteam_arto,4471115282564
archiveteam_coursera,1311399790162
fav-theneptunemen,1073119435
fav-melissa_cartwright,6731934096
fav-t_internetarchive,2825371571
fav-lizbeth_gonzalez,2825371571
fav-tinia_brewington,2825371571
fav-speedcore_worlwide,2825371571
fav-ashini_singha,2825371571
fav-laurelkarr,470215137
fav-jamiewilson,195948603
fav-bernardorisquezcordovez,195948603
fav-robinhood1966,1511800104
fav-protonboy,684107222
fav-archiveallthethings,683554677525
fav-rocky_montana,1069985482
fav-meenakshi_sundaram,272516765
fav-adamchill,436846624
fav-dollyshoes,983779123
fav-tawny_sea,103694214
fav-vibrantmatter,416342950
fav-littedogie,416342950
fav-erika_wardlaw,416342950
fav-luckydvuck,416342950
fav-melonbug,416342950
fav-giselle_valdez,41184023
fav-rudolf323,72773
fav-archivox,173672869
fav-littlehaus,474698221
fav-zahner_88,140082589
fav-meh2185,140082589
fav-phil_cairney,37012240
fav-alessycheeseburger,61766599
fav-sunsteph,61766599
fav-djjones123,210789159
fav-svtr,65198592241
fav-lovely_40,2310517813
fav-shaxan,352637232
fav-akinoproduzioni,53711106
fav-alazylemon,70887743
fav-emilio_s_,265199648
fav-akitron,158527120
fav-mdot,258774230
fav-action100,152707231
fav-dasheth,147889792
fav-isabelle12,155963697
fav-suyaku92,986126435
fav-pringlek,112246777
fav-circle21,271603766
fav-jabosjabos,227102273
fav-screm,227102273
fav-mcmlii,44501493
fav-_mimoz_,367280267
fav-cathyandy,367280267
fav-bubu-chan,100195954
fav-levan_tsaguria,28357911
fav-r_mi_ravener,28357911
fav-martianme,1009296904
fav-grantchester_meadows,1009296904
fav-leow50,1009296904
fav-mrstinkysauraus,393308499
fav-fcsapia,946979650
fav-ebosas,609684768
fav-juul1a,710847450
fav-powerslave214,710847450
fav-netboy23,710847450
fav-hirnbix,710847450
fav-kingubagnawa_gmail_com,710847450
fav-dixproject,62759949
fav-indra13,62759949
fav-ricciamitrano,124997501
fav-logoless,124997501
fav-mister_leeland,467283997
fav-edjedj13,459239452
fav-baba360,459239452
fav-jenmcd,272367209
fav-tom_correia,719638668
fav-hang_loose,272367209
fav-passha,272367209
fav-fotopaal,272367209
fav-barangbagus,272367209
fav-jpmcauliffe,272367209
fav-specifics,80492231
fav-fallingleaves420,93472327
fav-mkidwell,447271459
fav-brandogallo,447271459
fav-emiliosway,447271459
fav-tomq,490673763
fav-drorh,255484709
fav-teacherglass,313178837
fav-llimdniw1,279532121
fav-pingo69,397522567
fav-denvrcll,224170633
fav-donny_scott,252130146
fav-ddare,149753070
fav-spookydrums,131535568
fav-philippa1988,508940500
fav-tntgartin,399996460
fav-jbkn184x,1232179733
fav-angelgomezfromparamount,36890525
fav-hanzp,14630381446
fav-pinkyruby,974556612
fav-meli66a,61888990
fav-giovanisp,44767739224
fav-bmaster78,526694461
fav-oblivious_lion,178007325
fav-mediaoff,195978734
fav-pdgazette2,138116039
fav-jonott,90449603
fav-mikayatsu,59526576
fav-whatthehull,168958840
fav-elisa0612,41973820589
fav-scottypaycheck,49461637
fav-mmizuno,86302871
fav-deejf,242178044
fav-dkendall869,87196787
fav-watas902,34092322
fav-georgesnow,59995329
fav-dietzsche,29495192
fav-msdulcedi,148503060
fav-george_lockett,148503060
fav-natalie_sanders,44389023
fav-julboul,36987606
fav-pastestudios,22228316
fav-carbomcoco,144953355
fav-70000000000da,18826686
archiveteam_randomfandom,138274765616
fav-lamelizette,37611544
fav-seaham24vi,65793
fav-etangent,65793
fav-videogramme,65793
fav-ghostatlo,65793
fav-gangesh,65793
fav-rajpratik71,65793
fav-deenadayalan,65793
fav-typocrates,65793
fav-onjo,65793
fav-kflip,65793
fav-ppanagopo,65793
archiveteam_gametrailers,13882005324485
fav-trashylumi,17704879
archiveteam_psharing,11237620288
fav-ali_tarek,192486865
fav-thms_snst,359405621
fav-ichigo3se,77240041
fav-collectifsapin,32377174208
fav-hofmannsthal,603435859
fav-chopinchee,546454510
fav-dukeitch,546454510
fav-sesarc,6736764355
fav-lionizer,351952553
fav-addisonnamnoum,13775850
fav-ryan_bexley,126380926
fav-r3c0d3x,16058879961
fav-skyhighhorizon,890816147
archiveteam_flowerpot,150825051324
fav-hyet,37319
fav-thiagoeler,33910
fav-rsznick,60197
fav-bkbk,36205426744
archiveteam_dutchnews,1142857811212
archiveteam_gamemaker,628766642630
fav-qgwyw123,4220590177
archiveteam_docstoc,33070373197747
archiveteam_telenor,263253013716
archiveteam_thingiverse,1691293172542
fav-hypnoiku,45037194
fav-bna-robin,109458
fav-ahennessy,59684
archiveteam_blip,227645122306350
fav-danielifttt,1326093344
fav-meikkaa,35285076595
archiveteam_comcast,452330045701
fav-mylesmyles,119540961356
fav-roosevelt_maita,68261
fav-milestone_system,156002
wikimediadownloads,4735550593
wikicollections,5902402672
archiveteam_skillfeed,5879881764867
archiveteam_blingee,6733204670118
archiveteam_lastfm,1663739338949
fav-nickkarras,155305171291
archiveteam_toshibadocs,536767635537
archiveteam_atomicgamer,3961398817604
archiveteam_xfire,46554710598853
archiveteam_zoocasa,399691909798
archiveteam_halo,35878414605369
archiveteam_pomf,3374220651186
archiveteam_furaffinity,5520943738546
googlebaraza,1557232455717
archiveteam_msclipart,1317441838532
archiveteam_friendfeed,2583601474435
archiveteam_qwiki,162261233394
archiveteam_layervault,423460087960
archiveteam_testflight,1320666497779
archiveteam_madden,743268979778
fav-jim02762,396480426
fav-baysideshippers,20886294320
archiveteam_inkblazers,793891919239
archiveteam_twitpic,88626428020836
archiveteam_roon,94247203719
fav-xoark,39807
fav-archivistgamer,39807
fav-bnr0723,39807
archiveteam_viddy,10069886748065
archiveteam_aol,5388994210
archiveteam_verizon,1831901369695
archiveteam_swipnet,1540052890866
fav-lord_kuro,141164
archiveteam_quizilla,1675171824609
archiveteam_wretch,57794347959199
archiveteam_tele2,177647405467
fav-puzzlingpazurugirl,41833863728
fav-ctrlbox,217579779
fav-tfgbd,551668366652
fav-serge_k_keller,17768982067
archiveteam_ancestry,3379985405665
archiveteam_twitchtv,102034129375763
fav-tragicclown,52500
fav-todd_d_robbins,27384
archiveteam_antecedents,142318887031
archiveteam_canvas,3713334424257
archiveteam_fotopedia,2068392323755
justintv,10653515472202
fav-kytyngurl2,297867780313
fav-jeremiahyan,297867780313
fav-samir92,44968
archiveteam_yahoovoices,1879039964496
fav-ae2014,63024567084
pastebinpastes,10632843062
archiveteam_puush,18942306469678
archiveteam_bebo,6894252155289
fav-johnlucier,348603739
fav-cacdx,5794159
archiveteam_mochimedia,748076712629
fav-ellieaskswhy,26287
fav-errorhead,7909011467
fav-brantalis,26287
fav-88mph,96100329
fav-hook54321a,68716
archiveteam_myopera,6396381275363
archive-team-friendster,18576959357148
archiveteam_viddler,1819270772009
fav-lucio-in-1985,10652312891
archiveteam_dogster,3501394458069
fav-taietzelticalos,460429279
archiveteam_yahooblogs,1371507729372
archiveteam_ptch,1206932890167
archiveteam_patch,1016790106198
fav-phredi_jay,9727710191
fav-squishyfishyum,108995626191
fav-cdev,544446618
fav-dieg02,43476109
archiveteam_yahooblog,3199333985
fav-daedolon,3696260500
hyves,28032918072316
fav-robertgeezer,53944300672
fav-mario99,53944300672
fav-mailinator1,81652317981
fav-ohhdemgirls,7908942751
fav-tet94,49774
fav-maahtiin,49774
archiveteam_formspring,61409609930622
fav-imneeraj,4506344050
fav-zsteva,4506344050
fav-sapphiredensetsu,11133888304
archiveteam_zapd,484917537517
archiveteam_xanga,13652080827405
fav-cold001,814159232
fav-gladiopeace,22871240127
archiveteam-mobileme-hero,282353621557486
ftpsites,19687025655
archiveteam_g4tv_forums,100974908131
archiveteam-yahoovideo,18763847743554
archiveteam_posterous,20214548401837
archiveteam_greader,9720844749892
fav-unixchaos,622851639
fav-greedcoder,167736403689
fav-zeros-g2,22388251026
fav-iimoca,22388251026
fav-megaphone_this,33131
fav-dj_nurma,33131
archiveteam_ignsites,135312587472
archiveteam_upcoming,3803217425098
webshots-freeze-frame,116473301792526
fav-dbohdan,346658834
fav-gilsimar,346658834
archiveteam_yahoo_messages,913226764196
archiveteam_punchfork,2330703659860
yahoo_korea_blogs,519627974580
github_files,52322510385
archiveteam_dailybooth,10906402490074
archiveteam-splinder,2540309455103
archiveteam_weblognl,1362933528293
googlegroups-part2,494973591846
fav-crazyshadow,49890
fav-amides,40983
fav-atzkey,40983
fav-junky921,40983
fav-meditateordie,1124710725
archiveteam-btinternet,87433172058
archiveteam_fanfiction,879580383439
archiveteam-picplz,6948534716319
archiveteam-fortunecity,2980240302957
archiveteam-cinch,1000364944580
archiveteam-anyhub,2352584362562
archiveteam-umich-save,935861606721
tabblo-archive,2191418838295
fav-vmyore_gmail_com,15566735566
wikileaksarchive,2520431011
fav-electronoob,87013538118
fav-snger,4520201345
fav-koolwater,206738731865
archiveteam-qaudio-archive,311290396742
archiveteam-mypodcast,292107632982
archiveteam-geocities,705843832309
fav-smkudelko,14675344805
fav-archaicraider,437528126
fav-dardacharney,437528126
fav-mr_john_field,437528126
fav-thingybobinc,437528126
fav-documentaireroots,437528126
fav-nz17,437528126
fav-jdkarmitage,437528126
fav-lynna,49852154044
2012-04-30-wikimedia-images-snapshot,1345662841582
fav-421man,23018
stage6,31296279595
fav-slave4bbc,326959868
fav-jacksonatucker,253089032
fav-kbmnj38382,58189547
fav-regiscel,55706716
fav-jaynan,33149416
fav-tadox,25360611
fav-bdbonhomme,34959356
fav-gupaso,216552982703
fav-bungonews_com,216552982703
fav-eternalgrad,1102280385
fav-ribtin,10914631278
fav-wsampson,776433732
fav-bitnapper,776433732
fav-h-a-z,2395476950
fav-cooljpeg,32236633872
fav-roninmastafx,51214
fav-1pp1k10k4m1,35706776034
fav-thatsimonpeter,655710178
fav-soultcer,655710178
fav-xd1986k,42429
fav-zerotone,42429
fav-carlos_pi_a,42429
fav-vasankn,42429
fav-sonnyhancock,42429
fav-bfgeshka,42429
fav-edwin_solano,22789666468
archiveteam-googlegroups,977977603572
fav-jason_scott,96074042
fav-joeaney,2006073225
fav-lauraonsale,32236582658
fav-altproject,32236582658
fav-sara-b,32236582658
fav-silentfilms,32236582658
fav-chmaka,32236582658
fav-tomroberts101,32236582658
fav-pinkpressthreat,32236582658
fav-fluate,32236582658
fav-torriennelsd,32236582658
fav-oliethegoalie,32236582658
fav-hurryupmode,32236582658
fav-role_playing_public_radio,32236582658
fav-j21a,32236582658
fav-ch1ous,32236582658
fav-northev,32236582658
fav-robotmuzak,32236582658
fav-metahari,32236582658
fav-miazzo,32236582658
fav-oxener00,32236582658
fav-biotique,32236582658
fav-eriky,32236582658
fav-factus10,32236582658
fav-pyo,32236582658
fav-wfc904,32236582658
fav-sigxfsz,32236582658
fav-emrat,32236582658
fav-bizmcquiz,32236582658
fav-centipedefarmer,32236582658
fav-deetm,32236582658
fav-dormidera,32236582658
fav-chickenoutfit,32236582658
fav-queermo,32236582658
fav-argantonio,32236582658
fav-alejosegi,32236582658
fav-paulette_o_o,32236582658
fav-driftr,32236582658
fav-willarchive4food,32236582658
fav-marc_mcnulty,32236582658
fav-dr_jazz,32236582658
fav-mikenobody,32236582658
fav-iam3x,32236582658
fav-briancors,32236582658
fav-bamya,32236582658
fav-univocity,32451159907
fav-leonidas_savvides,32236582658
fav-witner,32236582658
fav-bobrannen,32236582658
fav-blioux,32236582658
fav-antidorsessions,32236582658
fav-pumpkins1664,32236582658
fav-zerogorilla,32236582658
fav-jessestrait,32236582658
fav-khalyd,114086599989
fav-joshuatj,39091
fav-imperator_hr,83060341
fav-jaydugger,27812242150
fav-hayaliali,623514086
fav-grawity,20463245272
fav-sixthhokage95,623514086
fav-unixbhaskar,623514086
fav-gazoombo,623514086
fav-jeremy_ca,4180496933
usenet,2107342909
data,2107342909
fav-lady_civil_defence,2107342909
fav-natocccp,2107342909
fav-zingus,2107342909
fav-roesch,2107342909
fav-chferfa,2107342909
fav-thermushmouth,16112603757
fav-therealnirv,16198799762
fav-lorano,12580047369
fav-conferintasalem,75503895
