id,url,created,title,score,num_comments,subreddit
fn7bjm,https://www.reddit.com/r/ChapoTrapHouse/comments/fn7bjm/joe_biden_is_finally_going_to_appear_live_on/,2020-03-22 17:11:36,Joe Biden is finally going to appear live on camera again and Libs will rub in our faces that we were wrong about him being dead and treat it like a victory,1,13,ChapoTrapHouse
fn7jwl,https://www.reddit.com/r/ChapoTrapHouse/comments/fn7jwl/if_joe_biden_is_dead_that_means_that_bernie/,2020-03-22 17:25:10,If Joe Biden is dead that means that Bernie graduates with straight A‚Äôs,1,1,ChapoTrapHouse
fn9bly,https://www.reddit.com/r/ChapoTrapHouse/comments/fn9bly/mr_biden_your_dead_sir/,2020-03-22 19:11:30,"mr biden, your dead sir",1,0,ChapoTrapHouse
fn9g9o,https://www.reddit.com/r/ChapoTrapHouse/comments/fn9g9o/joe_biden_found_dead_in_miami/,2020-03-22 19:19:48,Joe Biden Found Dead In Miami,1,1,ChapoTrapHouse
fn9j1g,https://www.reddit.com/r/ChapoTrapHouse/comments/fn9j1g/donald_trump_has_been_on_tv_for_like_four_hours/,2020-03-22 19:24:37,Donald Trump has been on TV for like four hours yelling at the press and Joe Biden can‚Äôt even stand for seven minutes cause he‚Äôs dead.,1,6,ChapoTrapHouse
fn9uvr,https://www.reddit.com/r/ChapoTrapHouse/comments/fn9uvr/proof_biden_is_dead/,2020-03-22 19:45:19,Proof Biden is dead.,1,4,ChapoTrapHouse
fn9zi4,https://www.reddit.com/r/democrats/comments/fn9zi4/is_joe_biden_dead/,2020-03-22 19:53:44,Is Joe Biden dead?,1,0,democrats
fna2lu,https://www.reddit.com/r/ChapoTrapHouse/comments/fna2lu/ive_seen_posts_about_joe_biden_being_dead_can/,2020-03-22 19:59:20,"I‚Äôve seen posts about Joe Biden being dead, can someone explain? I‚Äôm a bit out of the loop lol",1,21,ChapoTrapHouse
fnap47,https://www.reddit.com/r/ChapoTrapHouse/comments/fnap47/biden_isnt_dead_you_idiots_its_obvious_whats/,2020-03-22 20:39:03,"Biden isn't dead you idiots, it's obvious what's happening:",1,5,ChapoTrapHouse
fnb9z0,https://www.reddit.com/r/ChapoTrapHouse/comments/fnb9z0/if_biden_isnt_dead_it_further_proves_that_hes/,2020-03-22 21:17:28,"If Biden isn't dead, it further proves that he's apathetic. He doesn't care about our collective misery and suffering and, if he isn't dead and somehow wins this General Election in 2020, his Presidency is going to be fucking awful.",1,1,ChapoTrapHouse
fnbd6j,https://www.reddit.com/r/ChapoTrapHouse/comments/fnbd6j/is_joe_biden_dead/,2020-03-22 21:23:23,is joe biden dead?,1,12,ChapoTrapHouse
fnbjcx,https://www.reddit.com/r/ChapoTrapHouse/comments/fnbjcx/stop_with_the_joe_biden_is_dead_memes/,2020-03-22 21:35:05,STOP WITH THE JOE BIDEN IS DEAD MEMES,1,6,ChapoTrapHouse
fndwyf,https://www.reddit.com/r/ChapoTrapHouse/comments/fndwyf/if_joe_biden_is_dead_hunter_should_run_in_his/,2020-03-23 00:28:34,"If Joe Biden is dead, Hunter should run in his place",1,37,ChapoTrapHouse
fnehx4,https://www.reddit.com/r/MarkMyWords/comments/fnehx4/mmw_at_time_of_writing_joseph_r_biden_jr_has_been/,2020-03-23 01:16:15,"MMW: At time of Writing, Joseph R. Biden Jr has been dead for more than 24 hours.",1,3,MarkMyWords
fnfo3s,https://www.reddit.com/r/ChapoTrapHouse/comments/fnfo3s/joe_biden_is_dead/,2020-03-23 03:04:00,Joe Biden is dead,1,10,ChapoTrapHouse
fnfu4j,https://www.reddit.com/r/ChapoTrapHouse/comments/fnfu4j/joe_biden_isnt_dead_you_morons/,2020-03-23 03:20:06,Joe Biden isn't dead you morons,1,0,ChapoTrapHouse
fnfu6f,https://www.reddit.com/r/ChapoTrapHouse/comments/fnfu6f/joe_biden_isnt_dead_you_morons/,2020-03-23 03:20:14,Joe Biden isn't dead you morons,1,2,ChapoTrapHouse
fnfx97,https://www.reddit.com/r/ChapoTrapHouse/comments/fnfx97/joe_biden_is_dead/,2020-03-23 03:28:56,Joe Biden IS dead.,1,9,ChapoTrapHouse
fngdhd,https://www.reddit.com/r/neoliberal/comments/fngdhd/ill_vote_biden_if_someone_can_prove_hes_not_dead/,2020-03-23 04:13:55,I‚Äôll vote Biden if someone can prove he‚Äòs not dead,1,1,neoliberal
fngnlb,https://www.reddit.com/r/ChapoTrapHouse/comments/fngnlb/joe_biden_isnt_dead_hes_just_gone_to_a_nice_farm/,2020-03-23 04:42:17,"Joe Biden isn‚Äôt dead, he‚Äôs just gone to a nice farm upstate",1,3,ChapoTrapHouse
fnhas0,https://www.reddit.com/r/ChapoTrapHouse/comments/fnhas0/joe_biden_has_a_hairy_body_that_turns_dead_in_the/,2020-03-23 05:46:12,Joe Biden has a hairy body that turns dead in the sun,1,0,ChapoTrapHouse
fnhz0f,https://www.reddit.com/r/popheadscirclejerk/comments/fnhz0f/ariana_black_lizzo_chair_marina_poor_biden_dead/,2020-03-23 06:49:22,Ariana black Lizzo chair Marina Poor Biden dead let em talk,1,0,popheadscirclejerk
fni5gs,https://www.reddit.com/r/ChapoTrapHouse/comments/fni5gs/joe_biden_is_dead/,2020-03-23 07:04:56,Joe Biden is DEAD!,1,0,ChapoTrapHouse
fnj2s1,https://www.reddit.com/r/OutOfTheLoop/comments/fnj2s1/why_are_people_talking_about_joe_biden_being_dead/,2020-03-23 08:24:02,Why are people talking about Joe Biden being dead? Did he die?,1,1,OutOfTheLoop
fnjf34,https://www.reddit.com/r/ChapoTrapHouse/comments/fnjf34/biden_is_not_dead/,2020-03-23 08:50:15,Biden is NOT dead,1,17,ChapoTrapHouse
fnjqmn,https://images.says.com/uploads/story/cover_image/37416/thumb_37eb.png,2020-03-23 09:12:44,"Joe Biden isn't dead, how dare you say that.",1,7,ChapoTrapHouse
fnkwd1,https://www.reddit.com/r/AskReddit/comments/fnkwd1/is_joe_biden_dead/,2020-03-23 10:31:51,Is Joe Biden dead?,1,1,AskReddit
fnrnf4,https://www.reddit.com/r/ChapoTrapHouse/comments/fnrnf4/joe_biden_is_dead/,2020-03-23 16:49:11,Joe Biden is dead,1,0,ChapoTrapHouse
fmpgvt,https://www.reddit.com/r/redscarepod/comments/fmpgvt/joe_biden_is_dead/,2020-03-21 19:31:10,Joe Biden is Dead,1,0,redscarepod
fmqny5,https://www.reddit.com/r/TrueAnon/comments/fmqny5/is_joe_biden_dead/,2020-03-21 20:44:09,Is Joe Biden dead?,1,8,TrueAnon
fmqo9h,https://www.reddit.com/r/stupidpol/comments/fmqo9h/is_joe_biden_dead/,2020-03-21 20:44:41,Is Joe Biden dead?,1,47,stupidpol
fmrpuy,https://www.reddit.com/r/ChapoTrapHouse/comments/fmrpuy/biden_isnt_dead_hes_been_dead_for_years_and_his/,2020-03-21 21:54:16,"Biden isn‚Äôt dead, he‚Äôs been dead for years and his possessed body is finally rotting away to the point they need to make him a new one",1,2,ChapoTrapHouse
fmsve5,https://www.reddit.com/r/ChapoTrapHouse/comments/fmsve5/im_glad_biden_dead/,2020-03-21 23:12:07,I'm glad Biden dead,1,2,ChapoTrapHouse
fmsvf8,https://www.reddit.com/r/ChapoTrapHouse/comments/fmsvf8/it_would_genuinely_be_funny_as_shit_if_biden_was/,2020-03-21 23:12:11,it would genuinely be funny as shit if biden was actually dead and they were trying to cover it up,1,143,ChapoTrapHouse
fmtpag,https://i.redd.it/u2nth1cmf5o41.jpg,2020-03-22 00:08:55,Joe Biden is Actually Dead,1,9,ChapoTrapHouse
fmtv8c,https://youtu.be/2kDPrNRTuQE,2020-03-22 00:20:34,"Joe Biden is not dead, here he is enjoying some time on a boat with his friends.",1,0,ChapoTrapHouse
fmvtoj,https://www.reddit.com/r/ChapoTrapHouse/comments/fmvtoj/biden_is_not_dead/,2020-03-22 03:06:08,Biden is not dead,1,4,ChapoTrapHouse
fmwz65,https://i.redd.it/se1z23rtv6o41.jpg,2020-03-22 05:01:31,They are trying to hide the fact that Joe Biden is dead. Typical simp shit,1,1,ChapoTrapHouse
fmy13b,https://www.reddit.com/r/ChapoTrapHouse/comments/fmy13b/joe_biden_2020_better_dead_than_red/,2020-03-22 06:44:59,Joe Biden 2020 - Better Dead Than Red,1,1,ChapoTrapHouse
fmz78n,https://i.redd.it/c9j1gbhyw7o41.png,2020-03-22 08:29:49,"Also, Biden is clearly dead",1,57,ChapoTrapHouse
fn09v2,https://twitter.com/shaunking/status/1241721026154823680?s=21,2020-03-22 09:52:03,"For the third time this month, Bernie‚Äôs dead campaign signal boosts a GOP twitter account‚Äôs attack on Joe Biden",1,16,Enough_Sanders_Spam
fn2hwv,https://www.reddit.com/r/ChapoTrapHouse/comments/fn2hwv/i_changed_my_mind_i_will_no_longer_tolerate_any/,2020-03-22 12:37:28,"I changed my mind. I will no longer tolerate any trash talk about Joe Biden. Have some respect for the dead, people. #RIPjoe",1,2,ChapoTrapHouse
fn3032,https://www.reddit.com/r/ChapoTrapHouse/comments/fn3032/joe_biden_is_not_dead/,2020-03-22 13:07:40,joe biden IS NOT DEAD,1,6,ChapoTrapHouse
fn31bq,https://www.reddit.com/r/unpopularopinion/comments/fn31bq/joe_biden_is_dead/,2020-03-22 13:09:44,Joe Biden is dead.,1,2,unpopularopinion
fn3z9s,https://twitter.com/NathanJRobinson/status/1241567076126523393,2020-03-22 14:04:05,"@NathanJRobinson I don't actually think Joe Biden is dead but I do think that at the very moment every person in the country is shitting themselves with fear, having the lead candidate absent for an entire week is a colossal abdication of his most basic job.",1,47,WayOfTheBern
fn458y,https://twitter.com/peterawolf/status/1241787238096285697,2020-03-22 14:12:52,Left Twitter: lol nobody will vote for Biden lol Biden: *wins SC* Left Twitter: lol Biden has dementia lol Biden: *wins debate* Left Twitter: lol Biden doesn't care about corona lol Biden: *arranges shadow health briefing* Left Twitter: lol Biden is dead lol Biden: *lives*,1,8,Enough_Sanders_Spam
fn48w1,https://twitter.com/NathanJRobinson/status/1241567076126523393,2020-03-22 14:18:07,"I don't actually think Joe Biden is dead but I do think that at the very moment every person in the country is shitting themselves with fear, having the lead candidate absent for an entire week is a colossal abdication of his most basic job.",1,2,FakeProgressives
fn4amo,https://twitter.com/peterawolf/status/1241787238096285697,2020-03-22 14:20:41,Left Twitter: lol nobody will vote for Biden lol Biden: *wins SC* Left Twitter: lol Biden has dementia lol Biden: *wins debate* Left Twitter: lol Biden doesn't care about corona lol Biden: *arranges shadow health briefing* Left Twitter: lol Biden is dead lol Biden: *lives*,1,0,JoeBiden
fn4c98,https://anchor.fm/impressions-of-america/episodes/Politics---Vaughn-of-the-Dead---Biden--Trump-and-Coronavirus-ebprqp,2020-03-22 14:23:03,"(Impressions of America) Politics - Vaughn of the Dead - Biden, Trump and Coronavirus",1,0,HistoryPodcasting
fn4gha,https://twitter.com/peterawolf/status/1241787238096285697,2020-03-22 14:29:31,"Left Twitter: lol nobody will vote for Biden lol, Biden: *wins SC*; Left Twitter: lol Biden has dementia lol, Biden: *wins debate*; Left Twitter: lol Biden doesn't care about corona lol, Biden: *arranges shadow health briefing*; Left Twitter: lol Biden is dead lol, Biden: *lives*",1,2,neoliberal
fn5b2j,https://www.reddit.com/r/stupidpol/comments/fn5b2j/whats_with_this_about_biden_being_dead/,2020-03-22 15:17:33,What‚Äôs with this about Biden being dead?,1,12,stupidpol
fn70la,https://www.westernjournal.com/cdc-estimates-h1n1-outbreak-biden-obama-years-left-12000-americans-dead/,2020-03-22 16:54:12,"CDC Estimates H1N1 Outbreak During Biden-Obama Years Left 12,000 Americans Dead",1,1,POLITIC
fn72t0,https://www.reddit.com/r/ChapoTrapHouse/comments/fn72t0/libs_joe_biden_isnt_dead_he_did_a_conference_call/,2020-03-22 16:57:36,Libs: JOE BIDEN ISNT DEAD HE DID A CONFERENCE CALL WITH SOME REPORTERS,1,6,ChapoTrapHouse
fn751j,https://www.wnd.com/2020/03/cdc-estimates-h1n1-outbreak-biden-obama-years-left-12000-americans-dead/,2020-03-22 17:01:12,"CDC estimates H1N1 outbreak during Biden-Obama years left 12,000 Americans dead",1,0,TheNewsFeed
fm7btp,https://www.reddit.com/r/ChapoTrapHouse/comments/fm7btp/can_we_define_dead_in_the_trending_question/,2020-03-20 21:56:19,Can we define ‚Äúdead‚Äù in the trending question search -is Joe Biden ‚Äúdead‚Äù?,1,1,ChapoTrapHouse
fmffwo,https://www.reddit.com/r/ChapoTrapHouse/comments/fmffwo/joe_biden_isnt_dead/,2020-03-21 10:04:28,Joe Biden isn‚Äôt dead,1,1,ChapoTrapHouse
fmhcev,https://www.reddit.com/r/ChapoTrapHouse/comments/fmhcev/if_joe_biden_dropped_dead_like_that_ukraine_nazi/,2020-03-21 12:12:06,If Joe Biden dropped dead like that Ukraine nazi mid debate man what if,1,2,ChapoTrapHouse
fmixlu,https://i.redd.it/ybcuydp4d2o41.jpg,2020-03-21 13:49:38,just gonna wait here until we find out that Biden isn't dead,1,0,ChapoTrapHouse
fmiy5i,https://i.redd.it/3vae55jad2o41.jpg,2020-03-21 13:50:30,"ENOUGH with the Joe Biden rumors. He is NOT dead. He was just out back investigating a large noise. He‚Äôs back now and no worse for wear, just a little thirsty.",1,9,ChapoTrapHouse
fmkydt,https://www.reddit.com/r/TooAfraidToAsk/comments/fmkydt/why_are_people_sayong_that_biden_is_dead/,2020-03-21 15:46:51,Why are people sayong that Biden is dead?,1,5,TooAfraidToAsk
flb3nq,https://i.redd.it/n4ggld7p5nn41.jpg,2020-03-19 10:41:13,Bernie Sanders is too much of a beta male Bros.... It's over.... The revolution is dead.... Joe Biden Ass raped Bernie Sanders too many times... He's a Ejaculated too many delegates...... He wore a condom so he kept them.... Bernie Sanders came so close yet so far.... I'm voting Trump... #Trump2020,1,0,bernie
fle9jt,https://www.breitbart.com/politics/2020/03/19/tulsi-gabbard-drops-out-of-presidential-race-endorses-joe-biden/,2020-03-19 13:46:54,"Fly No One Paid Attention to Even After All the Other Flies Circling the Shit Dropped Dead Finally Drops Dead: Tulsi Gabbard Drops Out of Presidential Race, Endorses Joe Biden",1,8,redacted
fkms9g,https://themilsource.com/2020/03/12/joe-biden-unlikely-candidate-democratic-front-runner-how/,2020-03-18 05:24:08,Joe Biden: from unlikely candidate to Democratic front-runner. Here's how. (Biden‚Äôs sweeping wins these past two weeks mark a dramatic turnaround for a campaign that was widely reported to be dead just weeks before.),1,2,bidenbro
fku1b3,https://www.reddit.com/r/ChapoTrapHouse/comments/fku1b3/joe_biden_is_dead/,2020-03-18 14:05:09,Joe Biden is dead,7,8,ChapoTrapHouse
flb3nq,https://i.redd.it/n4ggld7p5nn41.jpg,2020-03-19 10:41:13,Bernie Sanders is too much of a beta male Bros.... It's over.... The revolution is dead.... Joe Biden Ass raped Bernie Sanders too many times... He's a Ejaculated too many delegates...... He wore a condom so he kept them.... Bernie Sanders came so close yet so far.... I'm voting Trump... #Trump2020,1,0,bernie
fle9jt,https://www.breitbart.com/politics/2020/03/19/tulsi-gabbard-drops-out-of-presidential-race-endorses-joe-biden/,2020-03-19 13:46:54,"Fly No One Paid Attention to Even After All the Other Flies Circling the Shit Dropped Dead Finally Drops Dead: Tulsi Gabbard Drops Out of Presidential Race, Endorses Joe Biden",1,8,redacted
fk6fua,https://i.redd.it/3nzvmbpkw8n41.jpg,2020-03-17 10:45:09,It's over Bernie Bros..... Joe Biden is too powerful.... The revolution is dead... I'm voting Trump~~~,1,0,BernieSanders
fkms9g,https://themilsource.com/2020/03/12/joe-biden-unlikely-candidate-democratic-front-runner-how/,2020-03-18 05:24:08,Joe Biden: from unlikely candidate to Democratic front-runner. Here's how. (Biden‚Äôs sweeping wins these past two weeks mark a dramatic turnaround for a campaign that was widely reported to be dead just weeks before.),1,2,bidenbro
fku1b3,https://www.reddit.com/r/ChapoTrapHouse/comments/fku1b3/joe_biden_is_dead/,2020-03-18 14:05:09,Joe Biden is dead,7,8,ChapoTrapHouse
fjdt2d,https://www.reddit.com/r/Enough_Sanders_Spam/comments/fjdt2d/i_guess_the_biden_is_senile_argument_is_dead/,2020-03-15 22:51:59,"I guess the ""Biden is senile"" argument is dead",1,2,Enough_Sanders_Spam
fjdt9z,https://www.reddit.com/r/Enough_Sanders_Spam/comments/fjdt9z/i_guess_the_biden_is_senile_argument_is_dead/,2020-03-15 22:52:25,"I guess the ""Biden is senile"" argument is dead",1,11,Enough_Sanders_Spam
fjedik,https://i.redd.it/phgihqasfym41.jpg,2020-03-15 23:33:13,If Biden chooses Hillary...he‚Äôll be dead soon.,1,56,conspiracy
fk6fua,https://i.redd.it/3nzvmbpkw8n41.jpg,2020-03-17 10:45:09,It's over Bernie Bros..... Joe Biden is too powerful.... The revolution is dead... I'm voting Trump~~~,1,0,BernieSanders
fipgzd,https://v.redd.it/my8gywutcpm41,2020-03-14 17:02:01,"That time Joe Biden claimed his dead son had been the ""Attorney General of the United States""",1,0,BidenIntervention
fjdt2d,https://www.reddit.com/r/Enough_Sanders_Spam/comments/fjdt2d/i_guess_the_biden_is_senile_argument_is_dead/,2020-03-15 22:51:59,"I guess the ""Biden is senile"" argument is dead",1,2,Enough_Sanders_Spam
fjdt9z,https://www.reddit.com/r/Enough_Sanders_Spam/comments/fjdt9z/i_guess_the_biden_is_senile_argument_is_dead/,2020-03-15 22:52:25,"I guess the ""Biden is senile"" argument is dead",1,11,Enough_Sanders_Spam
fjedik,https://i.redd.it/phgihqasfym41.jpg,2020-03-15 23:33:13,If Biden chooses Hillary...he‚Äôll be dead soon.,1,56,conspiracy
fiaq0i,https://www.youtube.com/watch?v=Q8f-XUyfXCg,2020-03-13 21:27:43,US Veteran Tells Biden 'My Friends Are Dead' Bc Of Your Iraq War Vote,1,36,PublicFreakout
fiaqn5,https://www.youtube.com/watch?v=Q8f-XUyfXCg,2020-03-13 21:28:57,US Veteran Tells Biden 'My Friends Are Dead' Bc Of Your Iraq War Vote,1,2,PoliticalVideo
fiar3w,https://www.youtube.com/watch?v=Q8f-XUyfXCg,2020-03-13 21:30:02,US Veteran Tells Biden 'My Friends Are Dead' Bc Of Your Iraq War Vote,1,3,PoliticalVideo
fic6yl,https://www.youtube.com/watch?v=Q8f-XUyfXCg,2020-03-13 23:21:26,US Veteran Tells Biden 'My Friends Are Dead' Bc Of Your Iraq War Vote,1,2,PoliticalVideo
filiv2,https://twitter.com/HotWotb/status/1238870783851548674,2020-03-14 13:00:36,"WotB Hot Videos- For you! The TEN HOTTEST MUST WATCH progressive videos from the past week! March 14, at the top: - CNN ADMITS Biden Is HIDING - DNC PROTECTING Biden - 2017 Bloomberg- Bernie can beat Trump - Remember when Weinstein called Bernie sexist? - Krystal: Warren is dead to the left",1,7,WayOfTheBern
fipgzd,https://v.redd.it/my8gywutcpm41,2020-03-14 17:02:01,"That time Joe Biden claimed his dead son had been the ""Attorney General of the United States""",1,0,BidenIntervention
fi0z96,https://www.wnd.com/2020/03/biden-uses-dead-son-beau-get-answering-iraq-war-question-threatens-questioner/,2020-03-13 11:02:08,"Biden uses dead son Beau to get out of answering Iraq War question, then threatens questioner",1,0,TheNewsFeed
fi1bf4,https://www.twitter.com/TeamTrump/status/1238485971571576832,2020-03-13 11:24:06,"Team Trump : ""Joe Biden is the same rotting corpse of a candidate he was three weeks ago. It‚Äôs just that Democrats have decided that they would be better off with the dead guy than with Crazy Bernie. https://t.co/YZ6gQGJrP4""",1,2,donaldtrump
fiaq0i,https://www.youtube.com/watch?v=Q8f-XUyfXCg,2020-03-13 21:27:43,US Veteran Tells Biden 'My Friends Are Dead' Bc Of Your Iraq War Vote,1,36,PublicFreakout
fiaqn5,https://www.youtube.com/watch?v=Q8f-XUyfXCg,2020-03-13 21:28:57,US Veteran Tells Biden 'My Friends Are Dead' Bc Of Your Iraq War Vote,1,2,PoliticalVideo
fiar3w,https://www.youtube.com/watch?v=Q8f-XUyfXCg,2020-03-13 21:30:02,US Veteran Tells Biden 'My Friends Are Dead' Bc Of Your Iraq War Vote,1,3,PoliticalVideo
fic6yl,https://www.youtube.com/watch?v=Q8f-XUyfXCg,2020-03-13 23:21:26,US Veteran Tells Biden 'My Friends Are Dead' Bc Of Your Iraq War Vote,1,2,PoliticalVideo
filiv2,https://twitter.com/HotWotb/status/1238870783851548674,2020-03-14 13:00:36,"WotB Hot Videos- For you! The TEN HOTTEST MUST WATCH progressive videos from the past week! March 14, at the top: - CNN ADMITS Biden Is HIDING - DNC PROTECTING Biden - 2017 Bloomberg- Bernie can beat Trump - Remember when Weinstein called Bernie sexist? - Krystal: Warren is dead to the left",1,7,WayOfTheBern
fh4mp1,https://v.redd.it/5g3zn7mod2m41,2020-03-11 17:21:27,"Veteran confronts Joe Biden for his role in vigorously supporting the Iraq War | 'Because of your policies, my friends and countless civilians are dead. Millions are dead in Iraq. Their blood is on your hands.'",3,1,dsa
fh4mxh,https://v.redd.it/5g3zn7mod2m41,2020-03-11 17:21:52,"Veteran confronts Joe Biden for his role in vigorously supporting the Iraq War | 'Because of your policies, my friends and countless civilians are dead. Millions are dead in Iraq. Their blood is on your hands.'",1,6,PoliticalVideo
fh4n3x,https://v.redd.it/5g3zn7mod2m41,2020-03-11 17:22:09,"Veteran confronts Joe Biden for his role in vigorously supporting the Iraq War | 'Because of your policies, my friends and countless civilians are dead. Millions are dead in Iraq. Their blood is on your hands.'",2,2,Political_Revolution
fh4t2q,https://www.reddit.com/r/OurPresident/comments/fh1clw/veteran_confronts_joe_biden_for_his_role_in/,2020-03-11 17:32:29,"Veteran confronts Joe Biden for his role in vigorously supporting the Iraq War | 'Because of your policies, my friends and countless civilians are dead. Millions are dead in Iraq. Their blood is on your hands.'",1,0,PoliticalVideos
fh5wa4,https://v.redd.it/5g3zn7mod2m41,2020-03-11 18:41:11,"Veteran confronts Joe Biden for his role in vigorously supporting the Iraq War | 'Because of your policies, my friends and countless civilians are dead. Millions are dead in Iraq. Their blood is on your hands.'",1,0,u_eLouisDreyfus
fh6y65,https://www.reddit.com/r/TalkativePeople/comments/fh6y65/ut8ert0t_on_veteran_confronts_joe_biden_for_his/,2020-03-11 19:51:17,"/u/T8ert0t on Veteran confronts Joe Biden for his role in vigorously supporting the Iraq War | 'Because of your policies, my friends and countless civilians are dead. Millions are dead in Iraq. Their blood is on your hands.'",1,0,TalkativePeople
fh80rv,https://v.redd.it/5g3zn7mod2m41,2020-03-11 21:06:43,"Veteran confronts Joe Biden for his role in vigorously supporting the Iraq War | 'Because of your policies, my friends and countless civilians are dead. Millions are dead in Iraq. Their blood is on your hands.'",1,188,PublicFreakout
fh8oqm,https://www.reddit.com/r/TalkativePeople/comments/fh8oqm/udachungdynasty_on_veteran_confronts_joe_biden/,2020-03-11 21:51:34,"/u/dachungdynasty on Veteran confronts Joe Biden for his role in vigorously supporting the Iraq War | 'Because of your policies, my friends and countless civilians are dead. Millions are dead in Iraq. Their blood is on your hands.'",1,0,TalkativePeople
fh8uz9,https://www.reddit.com/r/wallstreetbets/comments/fh8uz9/why_is_it_that_whenever_biden_wins_an_election/,2020-03-11 22:03:09,"Why is it that whenever Biden wins an election, the stock market does a little dead cat bounce?",1,0,wallstreetbets
fh98ig,https://v.redd.it/5g3zn7mod2m41,2020-03-11 22:29:37,"Veteran confronts Joe Biden for his role in vigorously supporting the Iraq War | 'Because of your policies, my friends and countless civilians are dead. Millions are dead in Iraq. Their blood is on your hands.'",1,0,u_whhe11
fh9gg9,https://v.redd.it/5g3zn7mod2m41,2020-03-11 22:46:00,"Veteran confronts Joe Biden for his role in vigorously supporting the Iraq War | 'Because of your policies, my friends and countless civilians are dead. Millions are dead in Iraq. Their blood is on your hands.'",1,0,u_Gmaweast
fhb2za,https://v.redd.it/5g3zn7mod2m41,2020-03-12 00:56:03,"Veteran confronts Joe Biden for his role in vigorously supporting the Iraq War | 'Because of your policies, my friends and countless civilians are dead. Millions are dead in Iraq. Their blood is on your hands.'",1,7,LateStageCapitalism
fhc4ep,https://v.redd.it/5g3zn7mod2m41,2020-03-12 02:38:23,"Veteran confronts Joe Biden for his role in vigorously supporting the Iraq War | 'Because of your policies, my friends and countless civilians are dead. Millions are dead in Iraq. Their blood is on your hands.'",1,13,PublicFreakout
fhch9j,https://v.redd.it/5g3zn7mod2m41,2020-03-12 03:14:43,"Veteran confronts Joe Biden for his role in vigorously supporting the Iraq War | 'Because of your policies, my friends and countless civilians are dead. Millions are dead in Iraq. Their blood is on your hands.'",1,2,AntifascistsofReddit
fhddj1,https://v.redd.it/5g3zn7mod2m41,2020-03-12 04:57:21,"Veteran confronts Joe Biden for his role in vigorously supporting the Iraq War | 'Because of your policies, my friends and countless civilians are dead. Millions are dead in Iraq. Their blood is on your hands.'",1,0,u_IJragon
fhdrim,https://v.redd.it/5g3zn7mod2m41,2020-03-12 05:39:58,"Veteran confronts Joe Biden for his role in vigorously supporting the Iraq War | 'Because of your policies, my friends and countless civilians are dead. Millions are dead in Iraq. Their blood is on your hands.'",1,0,u_im_a_disco_dancer
fhedy6,https://i.redd.it/jkyb3rt118m41.png,2020-03-12 06:44:19,Bernie bro's is it's over... The revolution is dead.... Joe Biden has raped Bernie Sanders to passionately.... The DNC was filming it all.... I'm voting Trump.... These bastards won't control me... And you shouldn't let them control you either.....#TRUMP2020,1,0,OurPresident
fi0z96,https://www.wnd.com/2020/03/biden-uses-dead-son-beau-get-answering-iraq-war-question-threatens-questioner/,2020-03-13 11:02:08,"Biden uses dead son Beau to get out of answering Iraq War question, then threatens questioner",1,0,TheNewsFeed
fi1bf4,https://www.twitter.com/TeamTrump/status/1238485971571576832,2020-03-13 11:24:06,"Team Trump : ""Joe Biden is the same rotting corpse of a candidate he was three weeks ago. It‚Äôs just that Democrats have decided that they would be better off with the dead guy than with Crazy Bernie. https://t.co/YZ6gQGJrP4""",1,2,donaldtrump
fgm9k5,https://www.realclearpolitics.com/articles/2020/03/10/biden_and_bernie_to_pennsylvania_ohio_and_west_virginia_drop_dead_142610.html,2020-03-10 18:18:47,"Biden and Bernie to Pennsylvania, Ohio and West Virginia: Drop Dead | RealClearPolitics",1,0,worldpolitics
fgp4d8,https://www.reddit.com/r/ChapoTrapHouse/comments/fgp4d8/isnt_it_funny_that_all_these_old_fucks_voting_for/,2020-03-10 21:30:12,Isn‚Äôt it funny that all these old fucks voting for Biden will be dead from the corona virus by the General election.,1,2,ChapoTrapHouse
fgqn27,https://v.redd.it/lu8a24oj8bq31,2020-03-10 23:19:28,"Don‚Äôt even think about it Biden, you‚Äôll be dead by two weeks after your inauguration. #BidenVP2020",1,14,tucker_carlson
fgvs85,https://www.reddit.com/r/AskReddit/comments/fgvs85/how_in_the_gel_did_joe_biden_go_from_about_dead/,2020-03-11 07:41:36,How in the gel did Joe Biden go from about dead last to ahead by a mile?,1,6,AskReddit
fgzgsa,https://i.redd.it/x436ig97h2m41.png,2020-03-11 12:04:09,Bro's it's over.... Joe Biden has raped us 2 Super Tuesdays in a row.... The revolution is dead... The Establishment has Won... Our Beta Male energy wasn't enough... Black people weren't smart enough to vote for the revolution... All we can do now is vote for Trump..... I'm going to cry.....üò≠üò≠üò≠.,1,0,bernie
fh0w13,https://i.redd.it/oa4pwyknw2m41.gif,2020-03-11 13:30:51,Bro's it's over.... Joe Biden has raped us 2 Super Tuesdays in a row.... The revolution is dead... The Establishment has Won... Our Beta Male energy wasn't enough... Black people weren't smart enough to vote for the revolution... All we can do now is vote for Trump..... I'm going to cry.....üò≠üò≠üò≠.,1,2,SandersForPresident
fh1clw,https://v.redd.it/5g3zn7mod2m41,2020-03-11 13:59:51,"Veteran confronts Joe Biden for his role in vigorously supporting the Iraq War | 'Because of your policies, my friends and countless civilians are dead. Millions are dead in Iraq. Their blood is on your hands.'",1,3346,OurPresident
fh1d7p,https://v.redd.it/5g3zn7mod2m41,2020-03-11 14:00:48,"Veteran confronts Joe Biden for his role in vigorously supporting the Iraq War | 'Because of your policies, my friends and countless civilians are dead. Millions are dead in Iraq. Their blood is on your hands.'",1,4,Ilhan
fh1dcr,https://v.redd.it/5g3zn7mod2m41,2020-03-11 14:01:05,"Veteran confronts Joe Biden for his role in vigorously supporting the Iraq War | 'Because of your policies, my friends and countless civilians are dead. Millions are dead in Iraq. Their blood is on your hands.'",1,49,AOC
fh1dus,https://v.redd.it/5g3zn7mod2m41,2020-03-11 14:01:54,"Veteran confronts Joe Biden for his role in vigorously supporting the Iraq War | 'Because of your policies, my friends and countless civilians are dead. Millions are dead in Iraq. Their blood is on your hands.'",1,339,BreadTube
fh1dx2,https://v.redd.it/5g3zn7mod2m41,2020-03-11 14:02:01,"Veteran confronts Joe Biden for his role in vigorously supporting the Iraq War | 'Because of your policies, my friends and countless civilians are dead. Millions are dead in Iraq. Their blood is on your hands.'",1,1,Political_Revolution
fh1g32,https://v.redd.it/5g3zn7mod2m41,2020-03-11 14:05:31,"Veteran confronts Joe Biden for his role in vigorously supporting the Iraq War | 'Because of your policies, my friends and countless civilians are dead. Millions are dead in Iraq. Their blood is on your hands.'",1,209,DemocraticSocialism
fh1gik,https://v.redd.it/5g3zn7mod2m41,2020-03-11 14:06:15,"Veteran confronts Joe Biden for his role in vigorously supporting the Iraq War | 'Because of your policies, my friends and countless civilians are dead. Millions are dead in Iraq. Their blood is on your hands.'",1,27,bernie
fh1hee,https://v.redd.it/5g3zn7mod2m41,2020-03-11 14:07:46,"Veteran confronts Joe Biden for his role in vigorously supporting the Iraq War | 'Because of your policies, my friends and countless civilians are dead. Millions are dead in Iraq. Their blood is on your hands.'",1,13,democraticparty
fh1ho9,https://v.redd.it/5g3zn7mod2m41,2020-03-11 14:08:16,"Veteran confronts Joe Biden for his role in vigorously supporting the Iraq War | 'Because of your policies, my friends and countless civilians are dead. Millions are dead in Iraq. Their blood is on your hands.'",0,7,PoliticalCoverage
fh1lyb,https://v.redd.it/5g3zn7mod2m41,2020-03-11 14:15:54,"Veteran confronts Joe Biden for his role in vigorously supporting the Iraq War | 'Because of your policies, my friends and countless civilians are dead. Millions are dead in Iraq. Their blood is on your hands.'",1,1,Hasan_Piker
fh1m5m,https://v.redd.it/5g3zn7mod2m41,2020-03-11 14:16:15,"Veteran confronts Joe Biden for his role in vigorously supporting the Iraq War | 'Because of your policies, my friends and countless civilians are dead. Millions are dead in Iraq. Their blood is on your hands.'",2,0,seculartalk
fh1nzl,https://therightscoop.com/our-friends-are-dead-youve-got-blood-on-your-hands-military-vet-confronts-biden-over-pro-war-record/?utm_source=rss&amp;utm_medium=rss&amp;utm_campaign=our-friends-are-dead-youve-got-blood-on-your-hands-military-vet-confronts-biden-over-pro-war-record,2020-03-11 14:19:26,"‚ÄúOur friends are dead!‚Äù, ‚ÄúYou‚Äôve got blood on your hands!‚Äù ‚Äì Military vet confronts Biden over pro-war record",1,0,ConservativeNewsWeb
fh2a4f,https://v.redd.it/5g3zn7mod2m41,2020-03-11 14:57:49,"Veteran confronts Joe Biden for his role in vigorously supporting the Iraq War | 'Because of your policies, my friends and countless civilians are dead. Millions are dead in Iraq. Their blood is on your hands.'",1,28,neoliberal
fh4mp1,https://v.redd.it/5g3zn7mod2m41,2020-03-11 17:21:27,"Veteran confronts Joe Biden for his role in vigorously supporting the Iraq War | 'Because of your policies, my friends and countless civilians are dead. Millions are dead in Iraq. Their blood is on your hands.'",3,1,dsa
fh4mxh,https://v.redd.it/5g3zn7mod2m41,2020-03-11 17:21:52,"Veteran confronts Joe Biden for his role in vigorously supporting the Iraq War | 'Because of your policies, my friends and countless civilians are dead. Millions are dead in Iraq. Their blood is on your hands.'",1,6,PoliticalVideo
fh4n3x,https://v.redd.it/5g3zn7mod2m41,2020-03-11 17:22:09,"Veteran confronts Joe Biden for his role in vigorously supporting the Iraq War | 'Because of your policies, my friends and countless civilians are dead. Millions are dead in Iraq. Their blood is on your hands.'",2,2,Political_Revolution
fh4t2q,https://www.reddit.com/r/OurPresident/comments/fh1clw/veteran_confronts_joe_biden_for_his_role_in/,2020-03-11 17:32:29,"Veteran confronts Joe Biden for his role in vigorously supporting the Iraq War | 'Because of your policies, my friends and countless civilians are dead. Millions are dead in Iraq. Their blood is on your hands.'",1,0,PoliticalVideos
fh5wa4,https://v.redd.it/5g3zn7mod2m41,2020-03-11 18:41:11,"Veteran confronts Joe Biden for his role in vigorously supporting the Iraq War | 'Because of your policies, my friends and countless civilians are dead. Millions are dead in Iraq. Their blood is on your hands.'",1,0,u_eLouisDreyfus
fh6y65,https://www.reddit.com/r/TalkativePeople/comments/fh6y65/ut8ert0t_on_veteran_confronts_joe_biden_for_his/,2020-03-11 19:51:17,"/u/T8ert0t on Veteran confronts Joe Biden for his role in vigorously supporting the Iraq War | 'Because of your policies, my friends and countless civilians are dead. Millions are dead in Iraq. Their blood is on your hands.'",1,0,TalkativePeople
fh80rv,https://v.redd.it/5g3zn7mod2m41,2020-03-11 21:06:43,"Veteran confronts Joe Biden for his role in vigorously supporting the Iraq War | 'Because of your policies, my friends and countless civilians are dead. Millions are dead in Iraq. Their blood is on your hands.'",1,188,PublicFreakout
fh8oqm,https://www.reddit.com/r/TalkativePeople/comments/fh8oqm/udachungdynasty_on_veteran_confronts_joe_biden/,2020-03-11 21:51:34,"/u/dachungdynasty on Veteran confronts Joe Biden for his role in vigorously supporting the Iraq War | 'Because of your policies, my friends and countless civilians are dead. Millions are dead in Iraq. Their blood is on your hands.'",1,0,TalkativePeople
fh8uz9,https://www.reddit.com/r/wallstreetbets/comments/fh8uz9/why_is_it_that_whenever_biden_wins_an_election/,2020-03-11 22:03:09,"Why is it that whenever Biden wins an election, the stock market does a little dead cat bounce?",1,0,wallstreetbets
fh98ig,https://v.redd.it/5g3zn7mod2m41,2020-03-11 22:29:37,"Veteran confronts Joe Biden for his role in vigorously supporting the Iraq War | 'Because of your policies, my friends and countless civilians are dead. Millions are dead in Iraq. Their blood is on your hands.'",1,0,u_whhe11
fh9gg9,https://v.redd.it/5g3zn7mod2m41,2020-03-11 22:46:00,"Veteran confronts Joe Biden for his role in vigorously supporting the Iraq War | 'Because of your policies, my friends and countless civilians are dead. Millions are dead in Iraq. Their blood is on your hands.'",1,0,u_Gmaweast
fhb2za,https://v.redd.it/5g3zn7mod2m41,2020-03-12 00:56:03,"Veteran confronts Joe Biden for his role in vigorously supporting the Iraq War | 'Because of your policies, my friends and countless civilians are dead. Millions are dead in Iraq. Their blood is on your hands.'",1,7,LateStageCapitalism
fhc4ep,https://v.redd.it/5g3zn7mod2m41,2020-03-12 02:38:23,"Veteran confronts Joe Biden for his role in vigorously supporting the Iraq War | 'Because of your policies, my friends and countless civilians are dead. Millions are dead in Iraq. Their blood is on your hands.'",1,13,PublicFreakout
fhch9j,https://v.redd.it/5g3zn7mod2m41,2020-03-12 03:14:43,"Veteran confronts Joe Biden for his role in vigorously supporting the Iraq War | 'Because of your policies, my friends and countless civilians are dead. Millions are dead in Iraq. Their blood is on your hands.'",1,2,AntifascistsofReddit
fhddj1,https://v.redd.it/5g3zn7mod2m41,2020-03-12 04:57:21,"Veteran confronts Joe Biden for his role in vigorously supporting the Iraq War | 'Because of your policies, my friends and countless civilians are dead. Millions are dead in Iraq. Their blood is on your hands.'",1,0,u_IJragon
fhdrim,https://v.redd.it/5g3zn7mod2m41,2020-03-12 05:39:58,"Veteran confronts Joe Biden for his role in vigorously supporting the Iraq War | 'Because of your policies, my friends and countless civilians are dead. Millions are dead in Iraq. Their blood is on your hands.'",1,0,u_im_a_disco_dancer
fhedy6,https://i.redd.it/jkyb3rt118m41.png,2020-03-12 06:44:19,Bernie bro's is it's over... The revolution is dead.... Joe Biden has raped Bernie Sanders to passionately.... The DNC was filming it all.... I'm voting Trump.... These bastards won't control me... And you shouldn't let them control you either.....#TRUMP2020,1,0,OurPresident
fg3qvt,https://youtu.be/Q8f-XUyfXCg,2020-03-09 19:03:41,US Veteran Tells Biden 'My Friends Are Dead' Bc Of Your Iraq War Vote,1,3,dsa
fg3qyg,https://youtu.be/Q8f-XUyfXCg,2020-03-09 19:03:50,US Veteran Tells Biden 'My Friends Are Dead' Bc Of Your Iraq War Vote,1,0,PoliticalVideos
fg3r1l,https://youtu.be/Q8f-XUyfXCg,2020-03-09 19:03:58,US Veteran Tells Biden 'My Friends Are Dead' Bc Of Your Iraq War Vote,1,0,TYTnetwork
fg3v33,https://www.youtube.com/watch?v=Q8f-XUyfXCg,2020-03-09 19:11:17,US Veteran Tells Biden 'My Friends Are Dead' Bc Of Your Iraq War Vote - Secular Talk,1,0,PoliticalVideos
fg42u8,https://www.youtube.com/watch?v=Q8f-XUyfXCg,2020-03-09 19:25:22,US Veteran Tells Biden 'My Friends Are Dead' Bc Of Your Iraq War Vote,1,0,jimmydoreshow
fg5jul,https://www.youtube.com/watch?v=Q8f-XUyfXCg,2020-03-09 21:05:04,US Veteran Tells Biden 'My Friends Are Dead' Bc Of Your Iraq War Vote,1,9,ChapoTrapHouse
fg5jyd,https://www.youtube.com/watch?v=Q8f-XUyfXCg,2020-03-09 21:05:16,US Veteran Tells Biden 'My Friends Are Dead' Bc Of Your Iraq War Vote,1,1,WayOfTheBern
fg6943,https://www.youtube.com/watch?v=Q8f-XUyfXCg,2020-03-09 21:54:49,US Veteran Tells Biden 'My Friends Are Dead' Bc Of Your Iraq War Vote,1,96,SandersForPresident
fg7nae,https://www.youtube.com/watch?v=Q8f-XUyfXCg,2020-03-09 23:37:17,US Veteran Tells Biden 'My Friends Are Dead' Bc Of Your Iraq War Vote,1,39,Political_Revolution
fgb9e3,https://i.redd.it/ts3kcz2wftl41.jpg,2020-03-10 05:40:46,Bernie Bros.... I think we're finished.... The Establishment is too powerful... Biden has too much black energy behind him... We're to white bro's.... We're 2 rational.... The revolution is dead...,1,0,BernieSanders
fgivs3,https://www.realclearpolitics.com/articles/2020/03/10/biden_and_bernie_to_pennsylvania_ohio_and_west_virginia_drop_dead_142610.html,2020-03-10 14:54:41,"Biden and Bernie to Pennsylvania, Ohio and West Virginia: Drop Dead",1,5,Conservative
fgiw0i,https://www.realclearpolitics.com/articles/2020/03/10/biden_and_bernie_to_pennsylvania_ohio_and_west_virginia_drop_dead_142610.html,2020-03-10 14:55:07,"Biden and Bernie to Pennsylvania, Ohio and West Virginia: Drop Dead",1,2,Republican
fgiwc6,https://www.realclearpolitics.com/articles/2020/03/10/biden_and_bernie_to_pennsylvania_ohio_and_west_virginia_drop_dead_142610.html,2020-03-10 14:55:37,"Biden and Bernie to Pennsylvania, Ohio and West Virginia: Drop Dead",1,2,worldpolitics
fgm9k5,https://www.realclearpolitics.com/articles/2020/03/10/biden_and_bernie_to_pennsylvania_ohio_and_west_virginia_drop_dead_142610.html,2020-03-10 18:18:47,"Biden and Bernie to Pennsylvania, Ohio and West Virginia: Drop Dead | RealClearPolitics",1,0,worldpolitics
fgp4d8,https://www.reddit.com/r/ChapoTrapHouse/comments/fgp4d8/isnt_it_funny_that_all_these_old_fucks_voting_for/,2020-03-10 21:30:12,Isn‚Äôt it funny that all these old fucks voting for Biden will be dead from the corona virus by the General election.,1,2,ChapoTrapHouse
fgqn27,https://v.redd.it/lu8a24oj8bq31,2020-03-10 23:19:28,"Don‚Äôt even think about it Biden, you‚Äôll be dead by two weeks after your inauguration. #BidenVP2020",1,14,tucker_carlson
fgvs85,https://www.reddit.com/r/AskReddit/comments/fgvs85/how_in_the_gel_did_joe_biden_go_from_about_dead/,2020-03-11 07:41:36,How in the gel did Joe Biden go from about dead last to ahead by a mile?,1,6,AskReddit
fgzgsa,https://i.redd.it/x436ig97h2m41.png,2020-03-11 12:04:09,Bro's it's over.... Joe Biden has raped us 2 Super Tuesdays in a row.... The revolution is dead... The Establishment has Won... Our Beta Male energy wasn't enough... Black people weren't smart enough to vote for the revolution... All we can do now is vote for Trump..... I'm going to cry.....üò≠üò≠üò≠.,1,0,bernie
fh0w13,https://i.redd.it/oa4pwyknw2m41.gif,2020-03-11 13:30:51,Bro's it's over.... Joe Biden has raped us 2 Super Tuesdays in a row.... The revolution is dead... The Establishment has Won... Our Beta Male energy wasn't enough... Black people weren't smart enough to vote for the revolution... All we can do now is vote for Trump..... I'm going to cry.....üò≠üò≠üò≠.,1,2,SandersForPresident
fh1clw,https://v.redd.it/5g3zn7mod2m41,2020-03-11 13:59:51,"Veteran confronts Joe Biden for his role in vigorously supporting the Iraq War | 'Because of your policies, my friends and countless civilians are dead. Millions are dead in Iraq. Their blood is on your hands.'",1,3346,OurPresident
fh1d7p,https://v.redd.it/5g3zn7mod2m41,2020-03-11 14:00:48,"Veteran confronts Joe Biden for his role in vigorously supporting the Iraq War | 'Because of your policies, my friends and countless civilians are dead. Millions are dead in Iraq. Their blood is on your hands.'",1,4,Ilhan
fh1dcr,https://v.redd.it/5g3zn7mod2m41,2020-03-11 14:01:05,"Veteran confronts Joe Biden for his role in vigorously supporting the Iraq War | 'Because of your policies, my friends and countless civilians are dead. Millions are dead in Iraq. Their blood is on your hands.'",1,49,AOC
fh1dus,https://v.redd.it/5g3zn7mod2m41,2020-03-11 14:01:54,"Veteran confronts Joe Biden for his role in vigorously supporting the Iraq War | 'Because of your policies, my friends and countless civilians are dead. Millions are dead in Iraq. Their blood is on your hands.'",1,339,BreadTube
fh1dx2,https://v.redd.it/5g3zn7mod2m41,2020-03-11 14:02:01,"Veteran confronts Joe Biden for his role in vigorously supporting the Iraq War | 'Because of your policies, my friends and countless civilians are dead. Millions are dead in Iraq. Their blood is on your hands.'",1,1,Political_Revolution
fh1g32,https://v.redd.it/5g3zn7mod2m41,2020-03-11 14:05:31,"Veteran confronts Joe Biden for his role in vigorously supporting the Iraq War | 'Because of your policies, my friends and countless civilians are dead. Millions are dead in Iraq. Their blood is on your hands.'",1,209,DemocraticSocialism
fh1gik,https://v.redd.it/5g3zn7mod2m41,2020-03-11 14:06:15,"Veteran confronts Joe Biden for his role in vigorously supporting the Iraq War | 'Because of your policies, my friends and countless civilians are dead. Millions are dead in Iraq. Their blood is on your hands.'",1,27,bernie
fh1hee,https://v.redd.it/5g3zn7mod2m41,2020-03-11 14:07:46,"Veteran confronts Joe Biden for his role in vigorously supporting the Iraq War | 'Because of your policies, my friends and countless civilians are dead. Millions are dead in Iraq. Their blood is on your hands.'",1,13,democraticparty
fh1ho9,https://v.redd.it/5g3zn7mod2m41,2020-03-11 14:08:16,"Veteran confronts Joe Biden for his role in vigorously supporting the Iraq War | 'Because of your policies, my friends and countless civilians are dead. Millions are dead in Iraq. Their blood is on your hands.'",0,7,PoliticalCoverage
fh1lyb,https://v.redd.it/5g3zn7mod2m41,2020-03-11 14:15:54,"Veteran confronts Joe Biden for his role in vigorously supporting the Iraq War | 'Because of your policies, my friends and countless civilians are dead. Millions are dead in Iraq. Their blood is on your hands.'",1,1,Hasan_Piker
fh1m5m,https://v.redd.it/5g3zn7mod2m41,2020-03-11 14:16:15,"Veteran confronts Joe Biden for his role in vigorously supporting the Iraq War | 'Because of your policies, my friends and countless civilians are dead. Millions are dead in Iraq. Their blood is on your hands.'",2,0,seculartalk
fh1nzl,https://therightscoop.com/our-friends-are-dead-youve-got-blood-on-your-hands-military-vet-confronts-biden-over-pro-war-record/?utm_source=rss&amp;utm_medium=rss&amp;utm_campaign=our-friends-are-dead-youve-got-blood-on-your-hands-military-vet-confronts-biden-over-pro-war-record,2020-03-11 14:19:26,"‚ÄúOur friends are dead!‚Äù, ‚ÄúYou‚Äôve got blood on your hands!‚Äù ‚Äì Military vet confronts Biden over pro-war record",1,0,ConservativeNewsWeb
fh2a4f,https://v.redd.it/5g3zn7mod2m41,2020-03-11 14:57:49,"Veteran confronts Joe Biden for his role in vigorously supporting the Iraq War | 'Because of your policies, my friends and countless civilians are dead. Millions are dead in Iraq. Their blood is on your hands.'",1,28,neoliberal
