archive time,wayback url
2016-06-09 01:12:22,http://web.archive.org/web/20160609011222/https://twitter.com/Crystal1Johnson
2016-07-10 02:20:05,http://web.archive.org/web/20160710022005/https://twitter.com/Crystal1Johnson
2016-09-23 21:56:05,http://web.archive.org/web/20160923215605/https://twitter.com/crystal1johnson
2016-09-28 20:57:22,http://web.archive.org/web/20160928205722/https://twitter.com/Crystal1Johnson
2016-10-05 20:57:22,http://web.archive.org/web/20161005205722/https://twitter.com/Crystal1Johnson
2016-11-17 04:55:01,http://web.archive.org/web/20161117045501/https://twitter.com/Crystal1Johnson
2016-11-21 14:48:11,http://web.archive.org/web/20161121144811/https://twitter.com/crystal1johnson
2016-12-01 01:53:20,http://web.archive.org/web/20161201015320/https://twitter.com/Crystal1Johnson
2016-12-01 01:53:30,http://web.archive.org/web/20161201015330/https://twitter.com/Crystal1Johnson
2016-12-01 01:53:39,http://web.archive.org/web/20161201015339/https://twitter.com/Crystal1Johnson
2016-12-01 01:53:50,http://web.archive.org/web/20161201015350/https://twitter.com/Crystal1Johnson
2016-12-01 01:54:00,http://web.archive.org/web/20161201015400/https://twitter.com/Crystal1Johnson
2016-12-01 01:54:11,http://web.archive.org/web/20161201015411/https://twitter.com/Crystal1Johnson
2016-12-01 01:54:20,http://web.archive.org/web/20161201015420/https://twitter.com/Crystal1Johnson
2016-12-01 01:54:30,http://web.archive.org/web/20161201015430/https://twitter.com/Crystal1Johnson
2016-12-01 01:54:40,http://web.archive.org/web/20161201015440/https://twitter.com/Crystal1Johnson
2016-12-01 01:54:49,http://web.archive.org/web/20161201015449/https://twitter.com/Crystal1Johnson
2016-12-01 01:55:00,http://web.archive.org/web/20161201015500/https://twitter.com/Crystal1Johnson
2016-12-01 01:55:10,http://web.archive.org/web/20161201015510/https://twitter.com/Crystal1Johnson
2016-12-01 01:55:20,http://web.archive.org/web/20161201015520/https://twitter.com/Crystal1Johnson
2016-12-01 01:55:30,http://web.archive.org/web/20161201015530/https://twitter.com/Crystal1Johnson
2016-12-01 01:55:41,http://web.archive.org/web/20161201015541/https://twitter.com/Crystal1Johnson
2016-12-01 01:55:50,http://web.archive.org/web/20161201015550/https://twitter.com/Crystal1Johnson
2016-12-01 01:56:00,http://web.archive.org/web/20161201015600/https://twitter.com/Crystal1Johnson
2016-12-01 01:56:10,http://web.archive.org/web/20161201015610/https://twitter.com/Crystal1Johnson
2016-12-01 01:56:20,http://web.archive.org/web/20161201015620/https://twitter.com/Crystal1Johnson
2016-12-01 01:56:31,http://web.archive.org/web/20161201015631/https://twitter.com/Crystal1Johnson
2016-12-01 01:56:40,http://web.archive.org/web/20161201015640/https://twitter.com/Crystal1Johnson
2016-12-01 01:56:51,http://web.archive.org/web/20161201015651/https://twitter.com/Crystal1Johnson
2016-12-01 01:57:01,http://web.archive.org/web/20161201015701/https://twitter.com/Crystal1Johnson
2016-12-01 01:57:11,http://web.archive.org/web/20161201015711/https://twitter.com/Crystal1Johnson
2016-12-01 01:57:20,http://web.archive.org/web/20161201015720/https://twitter.com/Crystal1Johnson
2016-12-01 01:57:31,http://web.archive.org/web/20161201015731/https://twitter.com/Crystal1Johnson
2016-12-01 01:57:41,http://web.archive.org/web/20161201015741/https://twitter.com/Crystal1Johnson
2016-12-01 01:57:51,http://web.archive.org/web/20161201015751/https://twitter.com/Crystal1Johnson
2016-12-01 01:58:00,http://web.archive.org/web/20161201015800/https://twitter.com/Crystal1Johnson
2016-12-01 01:58:11,http://web.archive.org/web/20161201015811/https://twitter.com/Crystal1Johnson
2016-12-01 01:58:20,http://web.archive.org/web/20161201015820/https://twitter.com/Crystal1Johnson
2016-12-01 01:58:31,http://web.archive.org/web/20161201015831/https://twitter.com/Crystal1Johnson
2016-12-01 01:58:41,http://web.archive.org/web/20161201015841/https://twitter.com/Crystal1Johnson
2016-12-01 01:58:50,http://web.archive.org/web/20161201015850/https://twitter.com/Crystal1Johnson
2016-12-01 01:59:00,http://web.archive.org/web/20161201015900/https://twitter.com/Crystal1Johnson
2016-12-01 01:59:10,http://web.archive.org/web/20161201015910/https://twitter.com/Crystal1Johnson
2016-12-01 01:59:20,http://web.archive.org/web/20161201015920/https://twitter.com/Crystal1Johnson
2016-12-01 01:59:31,http://web.archive.org/web/20161201015931/https://twitter.com/Crystal1Johnson
2016-12-01 01:59:40,http://web.archive.org/web/20161201015940/https://twitter.com/Crystal1Johnson
2016-12-01 01:59:50,http://web.archive.org/web/20161201015950/https://twitter.com/Crystal1Johnson
2016-12-01 02:00:00,http://web.archive.org/web/20161201020000/https://twitter.com/Crystal1Johnson
2016-12-01 02:00:11,http://web.archive.org/web/20161201020011/https://twitter.com/Crystal1Johnson
2016-12-01 02:00:22,http://web.archive.org/web/20161201020022/https://twitter.com/Crystal1Johnson
2016-12-01 02:00:30,http://web.archive.org/web/20161201020030/https://twitter.com/Crystal1Johnson
2016-12-01 02:00:41,http://web.archive.org/web/20161201020041/https://twitter.com/Crystal1Johnson
2016-12-01 02:00:51,http://web.archive.org/web/20161201020051/https://twitter.com/Crystal1Johnson
2016-12-01 02:01:01,http://web.archive.org/web/20161201020101/https://twitter.com/Crystal1Johnson
2016-12-01 02:01:11,http://web.archive.org/web/20161201020111/https://twitter.com/Crystal1Johnson
2016-12-01 02:01:21,http://web.archive.org/web/20161201020121/https://twitter.com/Crystal1Johnson
2016-12-01 02:01:31,http://web.archive.org/web/20161201020131/https://twitter.com/Crystal1Johnson
2016-12-01 02:01:41,http://web.archive.org/web/20161201020141/https://twitter.com/Crystal1Johnson
2016-12-01 02:01:51,http://web.archive.org/web/20161201020151/https://twitter.com/Crystal1Johnson
2016-12-01 02:02:00,http://web.archive.org/web/20161201020200/https://twitter.com/Crystal1Johnson
2016-12-01 02:02:11,http://web.archive.org/web/20161201020211/https://twitter.com/Crystal1Johnson
2016-12-01 02:02:22,http://web.archive.org/web/20161201020222/https://twitter.com/Crystal1Johnson
2016-12-01 02:02:31,http://web.archive.org/web/20161201020231/https://twitter.com/Crystal1Johnson
2016-12-01 02:02:41,http://web.archive.org/web/20161201020241/https://twitter.com/Crystal1Johnson
2016-12-01 02:02:51,http://web.archive.org/web/20161201020251/https://twitter.com/Crystal1Johnson
2016-12-01 02:03:01,http://web.archive.org/web/20161201020301/https://twitter.com/Crystal1Johnson
2016-12-01 02:03:11,http://web.archive.org/web/20161201020311/https://twitter.com/Crystal1Johnson
2016-12-01 02:03:22,http://web.archive.org/web/20161201020322/https://twitter.com/Crystal1Johnson
2016-12-01 02:03:31,http://web.archive.org/web/20161201020331/https://twitter.com/Crystal1Johnson
2016-12-01 02:03:41,http://web.archive.org/web/20161201020341/https://twitter.com/Crystal1Johnson
2016-12-01 02:03:51,http://web.archive.org/web/20161201020351/https://twitter.com/Crystal1Johnson
2016-12-01 02:04:02,http://web.archive.org/web/20161201020402/https://twitter.com/Crystal1Johnson
2016-12-01 02:04:12,http://web.archive.org/web/20161201020412/https://twitter.com/Crystal1Johnson
2016-12-01 02:04:22,http://web.archive.org/web/20161201020422/https://twitter.com/Crystal1Johnson
2016-12-01 02:04:31,http://web.archive.org/web/20161201020431/https://twitter.com/Crystal1Johnson
2016-12-01 02:04:42,http://web.archive.org/web/20161201020442/https://twitter.com/Crystal1Johnson
2016-12-01 02:04:51,http://web.archive.org/web/20161201020451/https://twitter.com/Crystal1Johnson
2016-12-01 02:05:02,http://web.archive.org/web/20161201020502/https://twitter.com/Crystal1Johnson
2016-12-01 02:05:11,http://web.archive.org/web/20161201020511/https://twitter.com/Crystal1Johnson
2016-12-01 02:05:21,http://web.archive.org/web/20161201020521/https://twitter.com/Crystal1Johnson
2016-12-01 02:05:32,http://web.archive.org/web/20161201020532/https://twitter.com/Crystal1Johnson
2016-12-01 02:05:41,http://web.archive.org/web/20161201020541/https://twitter.com/Crystal1Johnson
2016-12-01 02:05:52,http://web.archive.org/web/20161201020552/https://twitter.com/Crystal1Johnson
2016-12-01 02:06:01,http://web.archive.org/web/20161201020601/https://twitter.com/Crystal1Johnson
2016-12-01 02:06:12,http://web.archive.org/web/20161201020612/https://twitter.com/Crystal1Johnson
2016-12-01 02:06:22,http://web.archive.org/web/20161201020622/https://twitter.com/Crystal1Johnson
2016-12-01 02:06:31,http://web.archive.org/web/20161201020631/https://twitter.com/Crystal1Johnson
2016-12-01 02:06:42,http://web.archive.org/web/20161201020642/https://twitter.com/Crystal1Johnson
2016-12-01 02:06:51,http://web.archive.org/web/20161201020651/https://twitter.com/Crystal1Johnson
2016-12-01 02:07:01,http://web.archive.org/web/20161201020701/https://twitter.com/Crystal1Johnson
2016-12-01 02:07:12,http://web.archive.org/web/20161201020712/https://twitter.com/Crystal1Johnson
2016-12-01 02:07:21,http://web.archive.org/web/20161201020721/https://twitter.com/Crystal1Johnson
2016-12-01 02:07:32,http://web.archive.org/web/20161201020732/https://twitter.com/Crystal1Johnson
2016-12-01 02:07:41,http://web.archive.org/web/20161201020741/https://twitter.com/Crystal1Johnson
2016-12-01 02:07:51,http://web.archive.org/web/20161201020751/https://twitter.com/Crystal1Johnson
2016-12-01 02:08:02,http://web.archive.org/web/20161201020802/https://twitter.com/Crystal1Johnson
2016-12-01 02:08:12,http://web.archive.org/web/20161201020812/https://twitter.com/Crystal1Johnson
2016-12-01 02:08:22,http://web.archive.org/web/20161201020822/https://twitter.com/Crystal1Johnson
2016-12-01 02:08:31,http://web.archive.org/web/20161201020831/https://twitter.com/Crystal1Johnson
2016-12-01 02:08:42,http://web.archive.org/web/20161201020842/https://twitter.com/Crystal1Johnson
2016-12-01 02:08:52,http://web.archive.org/web/20161201020852/https://twitter.com/Crystal1Johnson
2016-12-01 02:09:03,http://web.archive.org/web/20161201020903/https://twitter.com/Crystal1Johnson
2016-12-01 02:09:12,http://web.archive.org/web/20161201020912/https://twitter.com/Crystal1Johnson
2016-12-01 02:09:22,http://web.archive.org/web/20161201020922/https://twitter.com/Crystal1Johnson
2016-12-01 02:09:32,http://web.archive.org/web/20161201020932/https://twitter.com/Crystal1Johnson
2016-12-01 02:09:41,http://web.archive.org/web/20161201020941/https://twitter.com/Crystal1Johnson
2016-12-01 02:09:52,http://web.archive.org/web/20161201020952/https://twitter.com/Crystal1Johnson
2016-12-01 02:10:03,http://web.archive.org/web/20161201021003/https://twitter.com/Crystal1Johnson
2016-12-01 02:10:12,http://web.archive.org/web/20161201021012/https://twitter.com/Crystal1Johnson
2016-12-01 02:10:23,http://web.archive.org/web/20161201021023/https://twitter.com/Crystal1Johnson
2016-12-01 02:10:32,http://web.archive.org/web/20161201021032/https://twitter.com/Crystal1Johnson
2016-12-01 02:10:42,http://web.archive.org/web/20161201021042/https://twitter.com/Crystal1Johnson
2016-12-01 02:10:52,http://web.archive.org/web/20161201021052/https://twitter.com/Crystal1Johnson
2016-12-01 02:11:03,http://web.archive.org/web/20161201021103/https://twitter.com/Crystal1Johnson
2016-12-01 02:11:13,http://web.archive.org/web/20161201021113/https://twitter.com/Crystal1Johnson
2016-12-01 02:11:22,http://web.archive.org/web/20161201021122/https://twitter.com/Crystal1Johnson
2016-12-01 02:11:34,http://web.archive.org/web/20161201021134/https://twitter.com/Crystal1Johnson
2016-12-01 02:11:42,http://web.archive.org/web/20161201021142/https://twitter.com/Crystal1Johnson
2016-12-01 02:11:53,http://web.archive.org/web/20161201021153/https://twitter.com/Crystal1Johnson
2016-12-01 02:12:03,http://web.archive.org/web/20161201021203/https://twitter.com/Crystal1Johnson
2016-12-01 02:12:12,http://web.archive.org/web/20161201021212/https://twitter.com/Crystal1Johnson
2016-12-01 02:12:22,http://web.archive.org/web/20161201021222/https://twitter.com/Crystal1Johnson
2016-12-01 02:12:33,http://web.archive.org/web/20161201021233/https://twitter.com/Crystal1Johnson
2016-12-01 02:12:42,http://web.archive.org/web/20161201021242/https://twitter.com/Crystal1Johnson
2016-12-01 02:12:53,http://web.archive.org/web/20161201021253/https://twitter.com/Crystal1Johnson
2016-12-01 02:13:03,http://web.archive.org/web/20161201021303/https://twitter.com/Crystal1Johnson
2016-12-01 02:13:12,http://web.archive.org/web/20161201021312/https://twitter.com/Crystal1Johnson
2016-12-01 02:13:22,http://web.archive.org/web/20161201021322/https://twitter.com/Crystal1Johnson
2016-12-01 02:13:33,http://web.archive.org/web/20161201021333/https://twitter.com/Crystal1Johnson
2016-12-01 02:13:43,http://web.archive.org/web/20161201021343/https://twitter.com/Crystal1Johnson
2016-12-01 02:13:53,http://web.archive.org/web/20161201021353/https://twitter.com/Crystal1Johnson
2016-12-01 02:14:04,http://web.archive.org/web/20161201021404/https://twitter.com/Crystal1Johnson
2016-12-01 02:14:13,http://web.archive.org/web/20161201021413/https://twitter.com/Crystal1Johnson
2016-12-01 02:14:23,http://web.archive.org/web/20161201021423/https://twitter.com/Crystal1Johnson
2016-12-01 02:14:33,http://web.archive.org/web/20161201021433/https://twitter.com/Crystal1Johnson
2016-12-01 02:14:43,http://web.archive.org/web/20161201021443/https://twitter.com/Crystal1Johnson
2016-12-01 02:14:53,http://web.archive.org/web/20161201021453/https://twitter.com/Crystal1Johnson
2016-12-01 02:15:02,http://web.archive.org/web/20161201021502/https://twitter.com/Crystal1Johnson
2016-12-01 02:15:13,http://web.archive.org/web/20161201021513/https://twitter.com/Crystal1Johnson
2016-12-01 02:15:22,http://web.archive.org/web/20161201021522/https://twitter.com/Crystal1Johnson
2016-12-01 02:15:33,http://web.archive.org/web/20161201021533/https://twitter.com/Crystal1Johnson
2016-12-01 02:15:44,http://web.archive.org/web/20161201021544/https://twitter.com/Crystal1Johnson
2016-12-01 02:15:53,http://web.archive.org/web/20161201021553/https://twitter.com/Crystal1Johnson
2016-12-01 02:16:03,http://web.archive.org/web/20161201021603/https://twitter.com/Crystal1Johnson
2016-12-01 02:16:13,http://web.archive.org/web/20161201021613/https://twitter.com/Crystal1Johnson
2016-12-01 02:16:24,http://web.archive.org/web/20161201021624/https://twitter.com/Crystal1Johnson
2016-12-01 02:16:33,http://web.archive.org/web/20161201021633/https://twitter.com/Crystal1Johnson
2016-12-01 02:16:43,http://web.archive.org/web/20161201021643/https://twitter.com/Crystal1Johnson
2016-12-01 02:16:53,http://web.archive.org/web/20161201021653/https://twitter.com/Crystal1Johnson
2016-12-01 02:17:03,http://web.archive.org/web/20161201021703/https://twitter.com/Crystal1Johnson
2016-12-01 02:17:13,http://web.archive.org/web/20161201021713/https://twitter.com/Crystal1Johnson
2016-12-01 02:17:24,http://web.archive.org/web/20161201021724/https://twitter.com/Crystal1Johnson
2016-12-01 02:17:33,http://web.archive.org/web/20161201021733/https://twitter.com/Crystal1Johnson
2016-12-01 02:17:45,http://web.archive.org/web/20161201021745/https://twitter.com/Crystal1Johnson
2016-12-01 02:17:54,http://web.archive.org/web/20161201021754/https://twitter.com/Crystal1Johnson
2016-12-01 02:18:04,http://web.archive.org/web/20161201021804/https://twitter.com/Crystal1Johnson
2016-12-01 02:18:13,http://web.archive.org/web/20161201021813/https://twitter.com/Crystal1Johnson
2016-12-01 02:18:24,http://web.archive.org/web/20161201021824/https://twitter.com/Crystal1Johnson
2016-12-01 02:18:34,http://web.archive.org/web/20161201021834/https://twitter.com/Crystal1Johnson
2016-12-01 02:18:44,http://web.archive.org/web/20161201021844/https://twitter.com/Crystal1Johnson
2016-12-01 02:18:54,http://web.archive.org/web/20161201021854/https://twitter.com/Crystal1Johnson
2016-12-01 02:19:04,http://web.archive.org/web/20161201021904/https://twitter.com/Crystal1Johnson
2016-12-01 02:19:15,http://web.archive.org/web/20161201021915/https://twitter.com/Crystal1Johnson
2016-12-01 02:19:24,http://web.archive.org/web/20161201021924/https://twitter.com/Crystal1Johnson
2016-12-01 02:19:34,http://web.archive.org/web/20161201021934/https://twitter.com/Crystal1Johnson
2016-12-01 02:19:43,http://web.archive.org/web/20161201021943/https://twitter.com/Crystal1Johnson
2016-12-01 02:19:53,http://web.archive.org/web/20161201021953/https://twitter.com/Crystal1Johnson
2016-12-01 02:20:03,http://web.archive.org/web/20161201022003/https://twitter.com/Crystal1Johnson
2016-12-01 02:20:14,http://web.archive.org/web/20161201022014/https://twitter.com/Crystal1Johnson
2016-12-01 02:20:24,http://web.archive.org/web/20161201022024/https://twitter.com/Crystal1Johnson
2016-12-01 02:20:34,http://web.archive.org/web/20161201022034/https://twitter.com/Crystal1Johnson
2016-12-01 02:20:45,http://web.archive.org/web/20161201022045/https://twitter.com/Crystal1Johnson
2016-12-01 02:20:54,http://web.archive.org/web/20161201022054/https://twitter.com/Crystal1Johnson
2016-12-01 02:21:03,http://web.archive.org/web/20161201022103/https://twitter.com/Crystal1Johnson
2016-12-01 02:21:14,http://web.archive.org/web/20161201022114/https://twitter.com/Crystal1Johnson
2016-12-01 02:21:25,http://web.archive.org/web/20161201022125/https://twitter.com/Crystal1Johnson
2016-12-01 02:21:34,http://web.archive.org/web/20161201022134/https://twitter.com/Crystal1Johnson
2016-12-01 02:21:44,http://web.archive.org/web/20161201022144/https://twitter.com/Crystal1Johnson
2016-12-01 02:21:54,http://web.archive.org/web/20161201022154/https://twitter.com/Crystal1Johnson
2016-12-01 02:22:04,http://web.archive.org/web/20161201022204/https://twitter.com/Crystal1Johnson
2016-12-01 02:22:15,http://web.archive.org/web/20161201022215/https://twitter.com/Crystal1Johnson
2016-12-01 02:22:25,http://web.archive.org/web/20161201022225/https://twitter.com/Crystal1Johnson
2016-12-01 02:22:34,http://web.archive.org/web/20161201022234/https://twitter.com/Crystal1Johnson
2016-12-01 02:22:44,http://web.archive.org/web/20161201022244/https://twitter.com/Crystal1Johnson
2016-12-01 02:22:55,http://web.archive.org/web/20161201022255/https://twitter.com/Crystal1Johnson
2016-12-01 02:23:05,http://web.archive.org/web/20161201022305/https://twitter.com/Crystal1Johnson
2016-12-01 02:23:14,http://web.archive.org/web/20161201022314/https://twitter.com/Crystal1Johnson
2016-12-01 02:23:24,http://web.archive.org/web/20161201022324/https://twitter.com/Crystal1Johnson
2016-12-01 02:23:34,http://web.archive.org/web/20161201022334/https://twitter.com/Crystal1Johnson
2016-12-01 02:23:44,http://web.archive.org/web/20161201022344/https://twitter.com/Crystal1Johnson
2016-12-01 02:23:55,http://web.archive.org/web/20161201022355/https://twitter.com/Crystal1Johnson
2016-12-01 02:24:05,http://web.archive.org/web/20161201022405/https://twitter.com/Crystal1Johnson
2016-12-01 02:24:15,http://web.archive.org/web/20161201022415/https://twitter.com/Crystal1Johnson
2016-12-01 02:24:24,http://web.archive.org/web/20161201022424/https://twitter.com/Crystal1Johnson
2016-12-01 02:24:35,http://web.archive.org/web/20161201022435/https://twitter.com/Crystal1Johnson
2016-12-01 02:24:44,http://web.archive.org/web/20161201022444/https://twitter.com/Crystal1Johnson
2016-12-01 02:24:54,http://web.archive.org/web/20161201022454/https://twitter.com/Crystal1Johnson
2016-12-01 02:25:04,http://web.archive.org/web/20161201022504/https://twitter.com/Crystal1Johnson
2016-12-01 02:25:14,http://web.archive.org/web/20161201022514/https://twitter.com/Crystal1Johnson
2016-12-01 02:25:25,http://web.archive.org/web/20161201022525/https://twitter.com/Crystal1Johnson
2016-12-01 02:25:34,http://web.archive.org/web/20161201022534/https://twitter.com/Crystal1Johnson
2016-12-01 02:25:44,http://web.archive.org/web/20161201022544/https://twitter.com/Crystal1Johnson
2016-12-01 02:25:55,http://web.archive.org/web/20161201022555/https://twitter.com/Crystal1Johnson
2016-12-01 02:26:05,http://web.archive.org/web/20161201022605/https://twitter.com/Crystal1Johnson
2016-12-01 02:26:15,http://web.archive.org/web/20161201022615/https://twitter.com/Crystal1Johnson
2016-12-01 02:26:25,http://web.archive.org/web/20161201022625/https://twitter.com/Crystal1Johnson
2016-12-01 02:26:35,http://web.archive.org/web/20161201022635/https://twitter.com/Crystal1Johnson
2016-12-01 02:26:44,http://web.archive.org/web/20161201022644/https://twitter.com/Crystal1Johnson
2016-12-01 02:26:55,http://web.archive.org/web/20161201022655/https://twitter.com/Crystal1Johnson
2016-12-01 02:27:05,http://web.archive.org/web/20161201022705/https://twitter.com/Crystal1Johnson
2016-12-01 02:27:15,http://web.archive.org/web/20161201022715/https://twitter.com/Crystal1Johnson
2016-12-01 02:27:26,http://web.archive.org/web/20161201022726/https://twitter.com/Crystal1Johnson
2016-12-01 02:27:35,http://web.archive.org/web/20161201022735/https://twitter.com/Crystal1Johnson
2016-12-01 02:27:45,http://web.archive.org/web/20161201022745/https://twitter.com/Crystal1Johnson
2016-12-01 02:27:55,http://web.archive.org/web/20161201022755/https://twitter.com/Crystal1Johnson
2016-12-01 02:28:05,http://web.archive.org/web/20161201022805/https://twitter.com/Crystal1Johnson
2016-12-01 02:28:15,http://web.archive.org/web/20161201022815/https://twitter.com/Crystal1Johnson
2016-12-01 02:28:25,http://web.archive.org/web/20161201022825/https://twitter.com/Crystal1Johnson
2016-12-01 02:28:35,http://web.archive.org/web/20161201022835/https://twitter.com/Crystal1Johnson
2016-12-01 02:28:46,http://web.archive.org/web/20161201022846/https://twitter.com/Crystal1Johnson
2016-12-01 02:28:55,http://web.archive.org/web/20161201022855/https://twitter.com/Crystal1Johnson
2016-12-01 02:29:06,http://web.archive.org/web/20161201022906/https://twitter.com/Crystal1Johnson
2016-12-01 02:29:14,http://web.archive.org/web/20161201022914/https://twitter.com/Crystal1Johnson
2016-12-01 02:29:25,http://web.archive.org/web/20161201022925/https://twitter.com/Crystal1Johnson
2016-12-01 02:29:35,http://web.archive.org/web/20161201022935/https://twitter.com/Crystal1Johnson
2016-12-01 02:29:45,http://web.archive.org/web/20161201022945/https://twitter.com/Crystal1Johnson
2016-12-01 02:29:55,http://web.archive.org/web/20161201022955/https://twitter.com/Crystal1Johnson
2016-12-01 02:30:05,http://web.archive.org/web/20161201023005/https://twitter.com/Crystal1Johnson
2016-12-01 02:30:16,http://web.archive.org/web/20161201023016/https://twitter.com/Crystal1Johnson
2016-12-01 02:30:25,http://web.archive.org/web/20161201023025/https://twitter.com/Crystal1Johnson
2016-12-01 02:30:35,http://web.archive.org/web/20161201023035/https://twitter.com/Crystal1Johnson
2016-12-01 02:30:45,http://web.archive.org/web/20161201023045/https://twitter.com/Crystal1Johnson
2016-12-01 02:30:56,http://web.archive.org/web/20161201023056/https://twitter.com/Crystal1Johnson
2016-12-01 02:31:06,http://web.archive.org/web/20161201023106/https://twitter.com/Crystal1Johnson
2016-12-01 02:31:15,http://web.archive.org/web/20161201023115/https://twitter.com/Crystal1Johnson
2016-12-01 02:31:25,http://web.archive.org/web/20161201023125/https://twitter.com/Crystal1Johnson
2016-12-01 02:31:37,http://web.archive.org/web/20161201023137/https://twitter.com/Crystal1Johnson
2016-12-01 02:31:45,http://web.archive.org/web/20161201023145/https://twitter.com/Crystal1Johnson
2016-12-01 02:31:56,http://web.archive.org/web/20161201023156/https://twitter.com/Crystal1Johnson
2016-12-01 02:32:06,http://web.archive.org/web/20161201023206/https://twitter.com/Crystal1Johnson
2016-12-01 02:32:16,http://web.archive.org/web/20161201023216/https://twitter.com/Crystal1Johnson
2016-12-01 02:32:26,http://web.archive.org/web/20161201023226/https://twitter.com/Crystal1Johnson
2016-12-01 02:32:36,http://web.archive.org/web/20161201023236/https://twitter.com/Crystal1Johnson
2016-12-01 02:32:45,http://web.archive.org/web/20161201023245/https://twitter.com/Crystal1Johnson
2016-12-01 02:32:56,http://web.archive.org/web/20161201023256/https://twitter.com/Crystal1Johnson
2016-12-01 02:33:05,http://web.archive.org/web/20161201023305/https://twitter.com/Crystal1Johnson
2016-12-01 02:33:15,http://web.archive.org/web/20161201023315/https://twitter.com/Crystal1Johnson
2016-12-01 02:33:27,http://web.archive.org/web/20161201023327/https://twitter.com/Crystal1Johnson
2016-12-01 02:33:36,http://web.archive.org/web/20161201023336/https://twitter.com/Crystal1Johnson
2016-12-01 02:33:46,http://web.archive.org/web/20161201023346/https://twitter.com/Crystal1Johnson
2016-12-01 02:33:56,http://web.archive.org/web/20161201023356/https://twitter.com/Crystal1Johnson
2016-12-01 02:34:06,http://web.archive.org/web/20161201023406/https://twitter.com/Crystal1Johnson
2016-12-01 02:34:15,http://web.archive.org/web/20161201023415/https://twitter.com/Crystal1Johnson
2016-12-01 02:34:26,http://web.archive.org/web/20161201023426/https://twitter.com/Crystal1Johnson
2016-12-01 02:34:36,http://web.archive.org/web/20161201023436/https://twitter.com/Crystal1Johnson
2016-12-01 02:34:45,http://web.archive.org/web/20161201023445/https://twitter.com/Crystal1Johnson
2016-12-01 02:34:56,http://web.archive.org/web/20161201023456/https://twitter.com/Crystal1Johnson
2016-12-01 02:35:06,http://web.archive.org/web/20161201023506/https://twitter.com/Crystal1Johnson
2016-12-01 02:35:16,http://web.archive.org/web/20161201023516/https://twitter.com/Crystal1Johnson
2016-12-01 02:35:25,http://web.archive.org/web/20161201023525/https://twitter.com/Crystal1Johnson
2016-12-01 02:35:35,http://web.archive.org/web/20161201023535/https://twitter.com/Crystal1Johnson
2016-12-01 02:35:46,http://web.archive.org/web/20161201023546/https://twitter.com/Crystal1Johnson
2016-12-01 02:35:55,http://web.archive.org/web/20161201023555/https://twitter.com/Crystal1Johnson
2016-12-01 02:36:06,http://web.archive.org/web/20161201023606/https://twitter.com/Crystal1Johnson
2016-12-01 02:36:16,http://web.archive.org/web/20161201023616/https://twitter.com/Crystal1Johnson
2016-12-01 02:36:26,http://web.archive.org/web/20161201023626/https://twitter.com/Crystal1Johnson
2016-12-01 02:36:36,http://web.archive.org/web/20161201023636/https://twitter.com/Crystal1Johnson
2016-12-01 02:36:46,http://web.archive.org/web/20161201023646/https://twitter.com/Crystal1Johnson
2016-12-01 02:36:56,http://web.archive.org/web/20161201023656/https://twitter.com/Crystal1Johnson
2016-12-01 02:37:06,http://web.archive.org/web/20161201023706/https://twitter.com/Crystal1Johnson
2016-12-01 02:37:16,http://web.archive.org/web/20161201023716/https://twitter.com/Crystal1Johnson
2016-12-01 02:37:26,http://web.archive.org/web/20161201023726/https://twitter.com/Crystal1Johnson
2016-12-01 02:37:37,http://web.archive.org/web/20161201023737/https://twitter.com/Crystal1Johnson
2016-12-01 02:37:46,http://web.archive.org/web/20161201023746/https://twitter.com/Crystal1Johnson
2016-12-01 02:37:56,http://web.archive.org/web/20161201023756/https://twitter.com/Crystal1Johnson
2016-12-01 02:38:06,http://web.archive.org/web/20161201023806/https://twitter.com/Crystal1Johnson
2016-12-01 02:38:16,http://web.archive.org/web/20161201023816/https://twitter.com/Crystal1Johnson
2016-12-01 02:38:26,http://web.archive.org/web/20161201023826/https://twitter.com/Crystal1Johnson
2016-12-01 02:38:36,http://web.archive.org/web/20161201023836/https://twitter.com/Crystal1Johnson
2016-12-01 02:38:46,http://web.archive.org/web/20161201023846/https://twitter.com/Crystal1Johnson
2016-12-01 02:38:56,http://web.archive.org/web/20161201023856/https://twitter.com/Crystal1Johnson
2016-12-01 02:39:06,http://web.archive.org/web/20161201023906/https://twitter.com/Crystal1Johnson
2016-12-01 02:39:17,http://web.archive.org/web/20161201023917/https://twitter.com/Crystal1Johnson
2016-12-01 02:39:27,http://web.archive.org/web/20161201023927/https://twitter.com/Crystal1Johnson
2016-12-01 02:39:36,http://web.archive.org/web/20161201023936/https://twitter.com/Crystal1Johnson
2016-12-01 02:39:46,http://web.archive.org/web/20161201023946/https://twitter.com/Crystal1Johnson
2016-12-01 02:39:57,http://web.archive.org/web/20161201023957/https://twitter.com/Crystal1Johnson
2016-12-01 02:40:08,http://web.archive.org/web/20161201024008/https://twitter.com/Crystal1Johnson
2016-12-01 02:40:16,http://web.archive.org/web/20161201024016/https://twitter.com/Crystal1Johnson
2016-12-01 02:40:28,http://web.archive.org/web/20161201024028/https://twitter.com/Crystal1Johnson
2016-12-01 02:40:36,http://web.archive.org/web/20161201024036/https://twitter.com/Crystal1Johnson
2016-12-01 02:40:47,http://web.archive.org/web/20161201024047/https://twitter.com/Crystal1Johnson
2016-12-01 02:40:57,http://web.archive.org/web/20161201024057/https://twitter.com/Crystal1Johnson
2016-12-01 02:41:07,http://web.archive.org/web/20161201024107/https://twitter.com/Crystal1Johnson
2016-12-01 02:41:16,http://web.archive.org/web/20161201024116/https://twitter.com/Crystal1Johnson
2016-12-01 02:41:27,http://web.archive.org/web/20161201024127/https://twitter.com/Crystal1Johnson
2016-12-01 02:41:37,http://web.archive.org/web/20161201024137/https://twitter.com/Crystal1Johnson
2016-12-01 02:41:47,http://web.archive.org/web/20161201024147/https://twitter.com/Crystal1Johnson
2016-12-01 02:41:58,http://web.archive.org/web/20161201024158/https://twitter.com/Crystal1Johnson
2016-12-01 02:42:06,http://web.archive.org/web/20161201024206/https://twitter.com/Crystal1Johnson
2016-12-01 02:42:17,http://web.archive.org/web/20161201024217/https://twitter.com/Crystal1Johnson
2016-12-01 02:42:27,http://web.archive.org/web/20161201024227/https://twitter.com/Crystal1Johnson
2016-12-01 02:42:37,http://web.archive.org/web/20161201024237/https://twitter.com/Crystal1Johnson
2016-12-01 02:42:46,http://web.archive.org/web/20161201024246/https://twitter.com/Crystal1Johnson
2016-12-01 02:42:57,http://web.archive.org/web/20161201024257/https://twitter.com/Crystal1Johnson
2016-12-01 02:43:08,http://web.archive.org/web/20161201024308/https://twitter.com/Crystal1Johnson
2016-12-01 02:43:17,http://web.archive.org/web/20161201024317/https://twitter.com/Crystal1Johnson
2016-12-01 02:43:29,http://web.archive.org/web/20161201024329/https://twitter.com/Crystal1Johnson
2016-12-01 02:43:38,http://web.archive.org/web/20161201024338/https://twitter.com/Crystal1Johnson
2016-12-01 02:43:48,http://web.archive.org/web/20161201024348/https://twitter.com/Crystal1Johnson
2016-12-01 02:43:57,http://web.archive.org/web/20161201024357/https://twitter.com/Crystal1Johnson
2016-12-01 02:44:07,http://web.archive.org/web/20161201024407/https://twitter.com/Crystal1Johnson
2016-12-01 02:44:18,http://web.archive.org/web/20161201024418/https://twitter.com/Crystal1Johnson
2016-12-01 02:44:27,http://web.archive.org/web/20161201024427/https://twitter.com/Crystal1Johnson
2016-12-01 02:44:37,http://web.archive.org/web/20161201024437/https://twitter.com/Crystal1Johnson
2016-12-01 02:44:47,http://web.archive.org/web/20161201024447/https://twitter.com/Crystal1Johnson
2016-12-01 02:44:57,http://web.archive.org/web/20161201024457/https://twitter.com/Crystal1Johnson
2016-12-01 02:45:07,http://web.archive.org/web/20161201024507/https://twitter.com/Crystal1Johnson
2016-12-01 02:45:18,http://web.archive.org/web/20161201024518/https://twitter.com/Crystal1Johnson
2016-12-01 02:45:28,http://web.archive.org/web/20161201024528/https://twitter.com/Crystal1Johnson
2016-12-01 02:45:38,http://web.archive.org/web/20161201024538/https://twitter.com/Crystal1Johnson
2016-12-01 02:45:47,http://web.archive.org/web/20161201024547/https://twitter.com/Crystal1Johnson
2016-12-01 02:45:58,http://web.archive.org/web/20161201024558/https://twitter.com/Crystal1Johnson
2016-12-01 02:46:07,http://web.archive.org/web/20161201024607/https://twitter.com/Crystal1Johnson
2016-12-01 02:46:17,http://web.archive.org/web/20161201024617/https://twitter.com/Crystal1Johnson
2016-12-01 02:46:28,http://web.archive.org/web/20161201024628/https://twitter.com/Crystal1Johnson
2016-12-01 02:46:38,http://web.archive.org/web/20161201024638/https://twitter.com/Crystal1Johnson
2016-12-01 02:46:48,http://web.archive.org/web/20161201024648/https://twitter.com/Crystal1Johnson
2016-12-01 02:46:58,http://web.archive.org/web/20161201024658/https://twitter.com/Crystal1Johnson
2016-12-01 02:47:09,http://web.archive.org/web/20161201024709/https://twitter.com/Crystal1Johnson
2016-12-01 02:47:19,http://web.archive.org/web/20161201024719/https://twitter.com/Crystal1Johnson
2016-12-01 02:47:28,http://web.archive.org/web/20161201024728/https://twitter.com/Crystal1Johnson
2016-12-01 02:47:37,http://web.archive.org/web/20161201024737/https://twitter.com/Crystal1Johnson
2016-12-01 02:47:48,http://web.archive.org/web/20161201024748/https://twitter.com/Crystal1Johnson
2016-12-01 02:47:57,http://web.archive.org/web/20161201024757/https://twitter.com/Crystal1Johnson
2016-12-01 02:48:07,http://web.archive.org/web/20161201024807/https://twitter.com/Crystal1Johnson
2016-12-01 02:48:19,http://web.archive.org/web/20161201024819/https://twitter.com/Crystal1Johnson
2016-12-01 02:48:28,http://web.archive.org/web/20161201024828/https://twitter.com/Crystal1Johnson
2016-12-01 02:48:38,http://web.archive.org/web/20161201024838/https://twitter.com/Crystal1Johnson
2016-12-01 02:48:49,http://web.archive.org/web/20161201024849/https://twitter.com/Crystal1Johnson
2016-12-01 02:48:57,http://web.archive.org/web/20161201024857/https://twitter.com/Crystal1Johnson
2016-12-01 02:49:08,http://web.archive.org/web/20161201024908/https://twitter.com/Crystal1Johnson
2016-12-01 02:49:18,http://web.archive.org/web/20161201024918/https://twitter.com/Crystal1Johnson
2016-12-01 02:49:28,http://web.archive.org/web/20161201024928/https://twitter.com/Crystal1Johnson
2016-12-01 02:49:38,http://web.archive.org/web/20161201024938/https://twitter.com/Crystal1Johnson
2016-12-01 02:49:48,http://web.archive.org/web/20161201024948/https://twitter.com/Crystal1Johnson
2016-12-01 02:49:57,http://web.archive.org/web/20161201024957/https://twitter.com/Crystal1Johnson
2016-12-01 02:50:08,http://web.archive.org/web/20161201025008/https://twitter.com/Crystal1Johnson
2016-12-01 02:50:18,http://web.archive.org/web/20161201025018/https://twitter.com/Crystal1Johnson
2016-12-01 02:50:28,http://web.archive.org/web/20161201025028/https://twitter.com/Crystal1Johnson
2016-12-01 02:50:38,http://web.archive.org/web/20161201025038/https://twitter.com/Crystal1Johnson
2016-12-01 02:50:49,http://web.archive.org/web/20161201025049/https://twitter.com/Crystal1Johnson
2016-12-01 02:50:58,http://web.archive.org/web/20161201025058/https://twitter.com/Crystal1Johnson
2016-12-01 02:51:08,http://web.archive.org/web/20161201025108/https://twitter.com/Crystal1Johnson
2016-12-01 02:51:19,http://web.archive.org/web/20161201025119/https://twitter.com/Crystal1Johnson
2016-12-01 02:51:28,http://web.archive.org/web/20161201025128/https://twitter.com/Crystal1Johnson
2016-12-01 02:51:39,http://web.archive.org/web/20161201025139/https://twitter.com/Crystal1Johnson
2016-12-01 02:51:48,http://web.archive.org/web/20161201025148/https://twitter.com/Crystal1Johnson
2016-12-01 02:51:58,http://web.archive.org/web/20161201025158/https://twitter.com/Crystal1Johnson
2016-12-01 02:52:08,http://web.archive.org/web/20161201025208/https://twitter.com/Crystal1Johnson
2016-12-01 02:52:18,http://web.archive.org/web/20161201025218/https://twitter.com/Crystal1Johnson
2016-12-01 02:52:28,http://web.archive.org/web/20161201025228/https://twitter.com/Crystal1Johnson
2016-12-01 02:52:39,http://web.archive.org/web/20161201025239/https://twitter.com/Crystal1Johnson
2016-12-01 02:52:48,http://web.archive.org/web/20161201025248/https://twitter.com/Crystal1Johnson
2016-12-01 02:52:59,http://web.archive.org/web/20161201025259/https://twitter.com/Crystal1Johnson
2016-12-01 02:53:08,http://web.archive.org/web/20161201025308/https://twitter.com/Crystal1Johnson
2016-12-01 02:53:18,http://web.archive.org/web/20161201025318/https://twitter.com/Crystal1Johnson
2016-12-01 02:53:28,http://web.archive.org/web/20161201025328/https://twitter.com/Crystal1Johnson
2016-12-01 02:53:38,http://web.archive.org/web/20161201025338/https://twitter.com/Crystal1Johnson
2016-12-01 02:53:48,http://web.archive.org/web/20161201025348/https://twitter.com/Crystal1Johnson
2016-12-01 02:54:00,http://web.archive.org/web/20161201025400/https://twitter.com/Crystal1Johnson
2016-12-01 02:54:08,http://web.archive.org/web/20161201025408/https://twitter.com/Crystal1Johnson
2016-12-01 02:54:19,http://web.archive.org/web/20161201025419/https://twitter.com/Crystal1Johnson
2016-12-01 02:54:29,http://web.archive.org/web/20161201025429/https://twitter.com/Crystal1Johnson
2016-12-01 02:54:39,http://web.archive.org/web/20161201025439/https://twitter.com/Crystal1Johnson
2016-12-01 02:54:49,http://web.archive.org/web/20161201025449/https://twitter.com/Crystal1Johnson
2016-12-01 02:55:00,http://web.archive.org/web/20161201025500/https://twitter.com/Crystal1Johnson
2016-12-01 02:55:09,http://web.archive.org/web/20161201025509/https://twitter.com/Crystal1Johnson
2016-12-01 02:55:18,http://web.archive.org/web/20161201025518/https://twitter.com/Crystal1Johnson
2016-12-01 02:55:28,http://web.archive.org/web/20161201025528/https://twitter.com/Crystal1Johnson
2016-12-01 02:55:39,http://web.archive.org/web/20161201025539/https://twitter.com/Crystal1Johnson
2016-12-01 02:55:49,http://web.archive.org/web/20161201025549/https://twitter.com/Crystal1Johnson
2016-12-01 02:55:59,http://web.archive.org/web/20161201025559/https://twitter.com/Crystal1Johnson
2016-12-01 02:56:09,http://web.archive.org/web/20161201025609/https://twitter.com/Crystal1Johnson
2016-12-01 02:56:19,http://web.archive.org/web/20161201025619/https://twitter.com/Crystal1Johnson
2016-12-01 02:56:29,http://web.archive.org/web/20161201025629/https://twitter.com/Crystal1Johnson
2016-12-01 02:56:39,http://web.archive.org/web/20161201025639/https://twitter.com/Crystal1Johnson
2016-12-01 02:56:50,http://web.archive.org/web/20161201025650/https://twitter.com/Crystal1Johnson
2016-12-01 02:56:59,http://web.archive.org/web/20161201025659/https://twitter.com/Crystal1Johnson
2016-12-01 02:57:09,http://web.archive.org/web/20161201025709/https://twitter.com/Crystal1Johnson
2016-12-01 02:57:20,http://web.archive.org/web/20161201025720/https://twitter.com/Crystal1Johnson
2016-12-01 02:57:30,http://web.archive.org/web/20161201025730/https://twitter.com/Crystal1Johnson
2016-12-01 02:57:39,http://web.archive.org/web/20161201025739/https://twitter.com/Crystal1Johnson
2016-12-01 02:57:50,http://web.archive.org/web/20161201025750/https://twitter.com/Crystal1Johnson
2016-12-01 02:57:59,http://web.archive.org/web/20161201025759/https://twitter.com/Crystal1Johnson
2016-12-01 02:58:09,http://web.archive.org/web/20161201025809/https://twitter.com/Crystal1Johnson
2016-12-01 02:58:19,http://web.archive.org/web/20161201025819/https://twitter.com/Crystal1Johnson
2016-12-01 02:58:30,http://web.archive.org/web/20161201025830/https://twitter.com/Crystal1Johnson
2016-12-01 02:58:41,http://web.archive.org/web/20161201025841/https://twitter.com/Crystal1Johnson
2016-12-01 02:58:49,http://web.archive.org/web/20161201025849/https://twitter.com/Crystal1Johnson
2016-12-01 02:59:00,http://web.archive.org/web/20161201025900/https://twitter.com/Crystal1Johnson
2016-12-01 02:59:09,http://web.archive.org/web/20161201025909/https://twitter.com/Crystal1Johnson
2016-12-01 02:59:20,http://web.archive.org/web/20161201025920/https://twitter.com/Crystal1Johnson
2016-12-01 02:59:29,http://web.archive.org/web/20161201025929/https://twitter.com/Crystal1Johnson
2016-12-01 02:59:41,http://web.archive.org/web/20161201025941/https://twitter.com/Crystal1Johnson
2016-12-01 02:59:50,http://web.archive.org/web/20161201025950/https://twitter.com/Crystal1Johnson
2016-12-01 03:00:00,http://web.archive.org/web/20161201030000/https://twitter.com/Crystal1Johnson
2016-12-01 03:00:11,http://web.archive.org/web/20161201030011/https://twitter.com/Crystal1Johnson
2016-12-01 03:00:20,http://web.archive.org/web/20161201030020/https://twitter.com/Crystal1Johnson
2016-12-01 03:00:31,http://web.archive.org/web/20161201030031/https://twitter.com/Crystal1Johnson
2016-12-01 03:00:40,http://web.archive.org/web/20161201030040/https://twitter.com/Crystal1Johnson
2016-12-01 03:00:50,http://web.archive.org/web/20161201030050/https://twitter.com/Crystal1Johnson
2016-12-01 03:01:00,http://web.archive.org/web/20161201030100/https://twitter.com/Crystal1Johnson
2016-12-01 03:01:10,http://web.archive.org/web/20161201030110/https://twitter.com/Crystal1Johnson
2016-12-01 03:01:21,http://web.archive.org/web/20161201030121/https://twitter.com/Crystal1Johnson
2016-12-01 03:01:30,http://web.archive.org/web/20161201030130/https://twitter.com/Crystal1Johnson
2016-12-01 03:01:40,http://web.archive.org/web/20161201030140/https://twitter.com/Crystal1Johnson
2016-12-01 03:01:51,http://web.archive.org/web/20161201030151/https://twitter.com/Crystal1Johnson
2016-12-01 03:01:59,http://web.archive.org/web/20161201030159/https://twitter.com/Crystal1Johnson
2016-12-01 03:02:10,http://web.archive.org/web/20161201030210/https://twitter.com/Crystal1Johnson
2016-12-01 03:02:20,http://web.archive.org/web/20161201030220/https://twitter.com/Crystal1Johnson
2016-12-01 03:02:30,http://web.archive.org/web/20161201030230/https://twitter.com/Crystal1Johnson
2016-12-01 03:02:41,http://web.archive.org/web/20161201030241/https://twitter.com/Crystal1Johnson
2016-12-01 03:02:50,http://web.archive.org/web/20161201030250/https://twitter.com/Crystal1Johnson
2016-12-01 03:03:00,http://web.archive.org/web/20161201030300/https://twitter.com/Crystal1Johnson
2016-12-01 03:03:11,http://web.archive.org/web/20161201030311/https://twitter.com/Crystal1Johnson
2016-12-01 03:03:21,http://web.archive.org/web/20161201030321/https://twitter.com/Crystal1Johnson
2016-12-01 03:03:31,http://web.archive.org/web/20161201030331/https://twitter.com/Crystal1Johnson
2016-12-01 03:03:40,http://web.archive.org/web/20161201030340/https://twitter.com/Crystal1Johnson
2016-12-01 03:03:50,http://web.archive.org/web/20161201030350/https://twitter.com/Crystal1Johnson
2016-12-01 03:04:01,http://web.archive.org/web/20161201030401/https://twitter.com/Crystal1Johnson
2016-12-01 03:04:10,http://web.archive.org/web/20161201030410/https://twitter.com/Crystal1Johnson
2016-12-01 03:04:20,http://web.archive.org/web/20161201030420/https://twitter.com/Crystal1Johnson
2016-12-01 03:04:32,http://web.archive.org/web/20161201030432/https://twitter.com/Crystal1Johnson
2016-12-01 03:04:40,http://web.archive.org/web/20161201030440/https://twitter.com/Crystal1Johnson
2016-12-01 03:04:51,http://web.archive.org/web/20161201030451/https://twitter.com/Crystal1Johnson
2016-12-01 03:05:01,http://web.archive.org/web/20161201030501/https://twitter.com/Crystal1Johnson
2016-12-01 03:05:11,http://web.archive.org/web/20161201030511/https://twitter.com/Crystal1Johnson
2016-12-01 03:05:21,http://web.archive.org/web/20161201030521/https://twitter.com/Crystal1Johnson
2016-12-01 03:05:30,http://web.archive.org/web/20161201030530/https://twitter.com/Crystal1Johnson
2016-12-01 03:05:42,http://web.archive.org/web/20161201030542/https://twitter.com/Crystal1Johnson
2016-12-01 03:05:51,http://web.archive.org/web/20161201030551/https://twitter.com/Crystal1Johnson
2016-12-01 03:06:00,http://web.archive.org/web/20161201030600/https://twitter.com/Crystal1Johnson
2016-12-01 03:06:11,http://web.archive.org/web/20161201030611/https://twitter.com/Crystal1Johnson
2016-12-01 03:06:21,http://web.archive.org/web/20161201030621/https://twitter.com/Crystal1Johnson
2016-12-01 03:06:31,http://web.archive.org/web/20161201030631/https://twitter.com/Crystal1Johnson
2016-12-01 03:06:40,http://web.archive.org/web/20161201030640/https://twitter.com/Crystal1Johnson
2016-12-01 03:06:51,http://web.archive.org/web/20161201030651/https://twitter.com/Crystal1Johnson
2016-12-01 03:07:01,http://web.archive.org/web/20161201030701/https://twitter.com/Crystal1Johnson
2016-12-01 03:07:11,http://web.archive.org/web/20161201030711/https://twitter.com/Crystal1Johnson
2016-12-01 03:07:21,http://web.archive.org/web/20161201030721/https://twitter.com/Crystal1Johnson
2016-12-01 03:07:31,http://web.archive.org/web/20161201030731/https://twitter.com/Crystal1Johnson
2016-12-01 03:07:41,http://web.archive.org/web/20161201030741/https://twitter.com/Crystal1Johnson
2016-12-01 03:07:50,http://web.archive.org/web/20161201030750/https://twitter.com/Crystal1Johnson
2016-12-01 03:08:03,http://web.archive.org/web/20161201030803/https://twitter.com/Crystal1Johnson
2016-12-01 03:08:12,http://web.archive.org/web/20161201030812/https://twitter.com/Crystal1Johnson
2016-12-01 03:08:21,http://web.archive.org/web/20161201030821/https://twitter.com/Crystal1Johnson
2016-12-01 03:08:31,http://web.archive.org/web/20161201030831/https://twitter.com/Crystal1Johnson
2016-12-01 03:08:41,http://web.archive.org/web/20161201030841/https://twitter.com/Crystal1Johnson
2016-12-01 03:08:51,http://web.archive.org/web/20161201030851/https://twitter.com/Crystal1Johnson
2016-12-01 03:09:02,http://web.archive.org/web/20161201030902/https://twitter.com/Crystal1Johnson
2016-12-01 03:09:11,http://web.archive.org/web/20161201030911/https://twitter.com/Crystal1Johnson
2016-12-01 03:09:21,http://web.archive.org/web/20161201030921/https://twitter.com/Crystal1Johnson
2016-12-01 03:09:31,http://web.archive.org/web/20161201030931/https://twitter.com/Crystal1Johnson
2016-12-01 03:09:42,http://web.archive.org/web/20161201030942/https://twitter.com/Crystal1Johnson
2016-12-01 03:09:53,http://web.archive.org/web/20161201030953/https://twitter.com/Crystal1Johnson
2016-12-01 03:10:01,http://web.archive.org/web/20161201031001/https://twitter.com/Crystal1Johnson
2016-12-01 03:10:11,http://web.archive.org/web/20161201031011/https://twitter.com/Crystal1Johnson
2016-12-01 03:10:21,http://web.archive.org/web/20161201031021/https://twitter.com/Crystal1Johnson
2016-12-01 03:10:32,http://web.archive.org/web/20161201031032/https://twitter.com/Crystal1Johnson
2016-12-01 03:10:41,http://web.archive.org/web/20161201031041/https://twitter.com/Crystal1Johnson
2016-12-01 03:10:52,http://web.archive.org/web/20161201031052/https://twitter.com/Crystal1Johnson
2016-12-01 03:11:01,http://web.archive.org/web/20161201031101/https://twitter.com/Crystal1Johnson
2016-12-01 03:11:12,http://web.archive.org/web/20161201031112/https://twitter.com/Crystal1Johnson
2016-12-01 03:11:21,http://web.archive.org/web/20161201031121/https://twitter.com/Crystal1Johnson
2016-12-01 03:11:31,http://web.archive.org/web/20161201031131/https://twitter.com/Crystal1Johnson
2016-12-01 03:11:42,http://web.archive.org/web/20161201031142/https://twitter.com/Crystal1Johnson
2016-12-01 03:11:51,http://web.archive.org/web/20161201031151/https://twitter.com/Crystal1Johnson
2016-12-01 03:12:01,http://web.archive.org/web/20161201031201/https://twitter.com/Crystal1Johnson
2016-12-01 03:12:12,http://web.archive.org/web/20161201031212/https://twitter.com/Crystal1Johnson
2016-12-01 03:12:22,http://web.archive.org/web/20161201031222/https://twitter.com/Crystal1Johnson
2016-12-01 03:12:32,http://web.archive.org/web/20161201031232/https://twitter.com/Crystal1Johnson
2016-12-01 03:12:42,http://web.archive.org/web/20161201031242/https://twitter.com/Crystal1Johnson
2016-12-01 03:12:51,http://web.archive.org/web/20161201031251/https://twitter.com/Crystal1Johnson
2016-12-01 03:13:03,http://web.archive.org/web/20161201031303/https://twitter.com/Crystal1Johnson
2016-12-01 03:13:11,http://web.archive.org/web/20161201031311/https://twitter.com/Crystal1Johnson
2016-12-01 03:13:22,http://web.archive.org/web/20161201031322/https://twitter.com/Crystal1Johnson
2016-12-01 03:13:32,http://web.archive.org/web/20161201031332/https://twitter.com/Crystal1Johnson
2016-12-01 03:13:43,http://web.archive.org/web/20161201031343/https://twitter.com/Crystal1Johnson
2016-12-01 03:13:52,http://web.archive.org/web/20161201031352/https://twitter.com/Crystal1Johnson
2016-12-01 03:14:02,http://web.archive.org/web/20161201031402/https://twitter.com/Crystal1Johnson
2016-12-01 03:14:12,http://web.archive.org/web/20161201031412/https://twitter.com/Crystal1Johnson
2016-12-01 03:14:22,http://web.archive.org/web/20161201031422/https://twitter.com/Crystal1Johnson
2016-12-01 03:14:33,http://web.archive.org/web/20161201031433/https://twitter.com/Crystal1Johnson
2016-12-01 03:14:42,http://web.archive.org/web/20161201031442/https://twitter.com/Crystal1Johnson
2016-12-01 03:14:52,http://web.archive.org/web/20161201031452/https://twitter.com/Crystal1Johnson
2016-12-01 03:15:02,http://web.archive.org/web/20161201031502/https://twitter.com/Crystal1Johnson
2016-12-01 03:15:12,http://web.archive.org/web/20161201031512/https://twitter.com/Crystal1Johnson
2016-12-01 03:15:21,http://web.archive.org/web/20161201031521/https://twitter.com/Crystal1Johnson
2016-12-01 03:15:33,http://web.archive.org/web/20161201031533/https://twitter.com/Crystal1Johnson
2016-12-01 03:15:42,http://web.archive.org/web/20161201031542/https://twitter.com/Crystal1Johnson
2016-12-01 03:15:53,http://web.archive.org/web/20161201031553/https://twitter.com/Crystal1Johnson
2016-12-01 03:16:02,http://web.archive.org/web/20161201031602/https://twitter.com/Crystal1Johnson
2016-12-01 03:16:12,http://web.archive.org/web/20161201031612/https://twitter.com/Crystal1Johnson
2016-12-01 03:16:31,http://web.archive.org/web/20161201031631/https://twitter.com/Crystal1Johnson
2016-12-01 03:16:42,http://web.archive.org/web/20161201031642/https://twitter.com/Crystal1Johnson
2016-12-01 03:16:52,http://web.archive.org/web/20161201031652/https://twitter.com/Crystal1Johnson
2016-12-01 03:17:01,http://web.archive.org/web/20161201031701/https://twitter.com/Crystal1Johnson
2016-12-01 03:17:13,http://web.archive.org/web/20161201031713/https://twitter.com/Crystal1Johnson
2016-12-01 03:17:22,http://web.archive.org/web/20161201031722/https://twitter.com/Crystal1Johnson
2016-12-01 03:17:32,http://web.archive.org/web/20161201031732/https://twitter.com/Crystal1Johnson
2016-12-01 03:17:43,http://web.archive.org/web/20161201031743/https://twitter.com/Crystal1Johnson
2016-12-01 03:17:53,http://web.archive.org/web/20161201031753/https://twitter.com/Crystal1Johnson
2016-12-01 03:18:02,http://web.archive.org/web/20161201031802/https://twitter.com/Crystal1Johnson
2016-12-01 03:18:13,http://web.archive.org/web/20161201031813/https://twitter.com/Crystal1Johnson
2016-12-01 03:18:22,http://web.archive.org/web/20161201031822/https://twitter.com/Crystal1Johnson
2016-12-01 03:18:33,http://web.archive.org/web/20161201031833/https://twitter.com/Crystal1Johnson
2016-12-01 03:18:42,http://web.archive.org/web/20161201031842/https://twitter.com/Crystal1Johnson
2016-12-01 03:18:52,http://web.archive.org/web/20161201031852/https://twitter.com/Crystal1Johnson
2016-12-01 03:19:03,http://web.archive.org/web/20161201031903/https://twitter.com/Crystal1Johnson
2016-12-01 03:19:12,http://web.archive.org/web/20161201031912/https://twitter.com/Crystal1Johnson
2016-12-01 03:19:23,http://web.archive.org/web/20161201031923/https://twitter.com/Crystal1Johnson
2016-12-01 03:19:32,http://web.archive.org/web/20161201031932/https://twitter.com/Crystal1Johnson
2016-12-01 03:19:42,http://web.archive.org/web/20161201031942/https://twitter.com/Crystal1Johnson
2016-12-01 03:19:52,http://web.archive.org/web/20161201031952/https://twitter.com/Crystal1Johnson
2016-12-01 03:20:02,http://web.archive.org/web/20161201032002/https://twitter.com/Crystal1Johnson
2016-12-01 03:20:13,http://web.archive.org/web/20161201032013/https://twitter.com/Crystal1Johnson
2016-12-01 03:20:23,http://web.archive.org/web/20161201032023/https://twitter.com/Crystal1Johnson
2016-12-01 03:20:33,http://web.archive.org/web/20161201032033/https://twitter.com/Crystal1Johnson
2016-12-01 03:20:44,http://web.archive.org/web/20161201032044/https://twitter.com/Crystal1Johnson
2016-12-01 03:20:53,http://web.archive.org/web/20161201032053/https://twitter.com/Crystal1Johnson
2016-12-01 03:21:03,http://web.archive.org/web/20161201032103/https://twitter.com/Crystal1Johnson
2016-12-01 03:21:13,http://web.archive.org/web/20161201032113/https://twitter.com/Crystal1Johnson
2016-12-01 03:21:23,http://web.archive.org/web/20161201032123/https://twitter.com/Crystal1Johnson
2016-12-01 03:21:33,http://web.archive.org/web/20161201032133/https://twitter.com/Crystal1Johnson
2016-12-01 03:21:43,http://web.archive.org/web/20161201032143/https://twitter.com/Crystal1Johnson
2016-12-01 03:21:53,http://web.archive.org/web/20161201032153/https://twitter.com/Crystal1Johnson
2016-12-01 03:22:04,http://web.archive.org/web/20161201032204/https://twitter.com/Crystal1Johnson
2016-12-01 03:22:13,http://web.archive.org/web/20161201032213/https://twitter.com/Crystal1Johnson
2016-12-01 03:22:22,http://web.archive.org/web/20161201032222/https://twitter.com/Crystal1Johnson
2016-12-01 03:22:33,http://web.archive.org/web/20161201032233/https://twitter.com/Crystal1Johnson
2016-12-01 03:22:44,http://web.archive.org/web/20161201032244/https://twitter.com/Crystal1Johnson
2016-12-01 03:22:53,http://web.archive.org/web/20161201032253/https://twitter.com/Crystal1Johnson
2016-12-01 03:23:03,http://web.archive.org/web/20161201032303/https://twitter.com/Crystal1Johnson
2016-12-01 03:23:13,http://web.archive.org/web/20161201032313/https://twitter.com/Crystal1Johnson
2016-12-01 03:23:24,http://web.archive.org/web/20161201032324/https://twitter.com/Crystal1Johnson
2016-12-01 03:23:33,http://web.archive.org/web/20161201032333/https://twitter.com/Crystal1Johnson
2016-12-01 03:23:44,http://web.archive.org/web/20161201032344/https://twitter.com/Crystal1Johnson
2016-12-01 03:23:54,http://web.archive.org/web/20161201032354/https://twitter.com/Crystal1Johnson
2016-12-01 03:24:04,http://web.archive.org/web/20161201032404/https://twitter.com/Crystal1Johnson
2016-12-01 03:24:13,http://web.archive.org/web/20161201032413/https://twitter.com/Crystal1Johnson
2016-12-01 03:24:23,http://web.archive.org/web/20161201032423/https://twitter.com/Crystal1Johnson
2016-12-01 03:24:34,http://web.archive.org/web/20161201032434/https://twitter.com/Crystal1Johnson
2016-12-01 03:24:44,http://web.archive.org/web/20161201032444/https://twitter.com/Crystal1Johnson
2016-12-01 03:24:55,http://web.archive.org/web/20161201032455/https://twitter.com/Crystal1Johnson
2016-12-01 03:25:03,http://web.archive.org/web/20161201032503/https://twitter.com/Crystal1Johnson
2016-12-01 03:25:13,http://web.archive.org/web/20161201032513/https://twitter.com/Crystal1Johnson
2016-12-01 03:25:24,http://web.archive.org/web/20161201032524/https://twitter.com/Crystal1Johnson
2016-12-01 03:25:34,http://web.archive.org/web/20161201032534/https://twitter.com/Crystal1Johnson
2016-12-01 03:25:43,http://web.archive.org/web/20161201032543/https://twitter.com/Crystal1Johnson
2016-12-01 03:25:54,http://web.archive.org/web/20161201032554/https://twitter.com/Crystal1Johnson
2016-12-01 03:26:04,http://web.archive.org/web/20161201032604/https://twitter.com/Crystal1Johnson
2016-12-01 03:26:14,http://web.archive.org/web/20161201032614/https://twitter.com/Crystal1Johnson
2016-12-01 03:26:24,http://web.archive.org/web/20161201032624/https://twitter.com/Crystal1Johnson
2016-12-01 03:26:34,http://web.archive.org/web/20161201032634/https://twitter.com/Crystal1Johnson
2016-12-01 03:26:43,http://web.archive.org/web/20161201032643/https://twitter.com/Crystal1Johnson
2016-12-01 03:26:53,http://web.archive.org/web/20161201032653/https://twitter.com/Crystal1Johnson
2016-12-01 03:27:04,http://web.archive.org/web/20161201032704/https://twitter.com/Crystal1Johnson
2016-12-01 03:27:13,http://web.archive.org/web/20161201032713/https://twitter.com/Crystal1Johnson
2016-12-01 03:27:24,http://web.archive.org/web/20161201032724/https://twitter.com/Crystal1Johnson
2016-12-01 03:27:33,http://web.archive.org/web/20161201032733/https://twitter.com/Crystal1Johnson
2016-12-01 03:27:44,http://web.archive.org/web/20161201032744/https://twitter.com/Crystal1Johnson
2016-12-01 03:27:53,http://web.archive.org/web/20161201032753/https://twitter.com/Crystal1Johnson
2016-12-01 03:28:04,http://web.archive.org/web/20161201032804/https://twitter.com/Crystal1Johnson
2016-12-01 03:28:14,http://web.archive.org/web/20161201032814/https://twitter.com/Crystal1Johnson
2016-12-01 03:28:24,http://web.archive.org/web/20161201032824/https://twitter.com/Crystal1Johnson
2016-12-01 03:28:35,http://web.archive.org/web/20161201032835/https://twitter.com/Crystal1Johnson
2016-12-01 03:28:45,http://web.archive.org/web/20161201032845/https://twitter.com/Crystal1Johnson
2016-12-01 03:28:54,http://web.archive.org/web/20161201032854/https://twitter.com/Crystal1Johnson
2016-12-01 03:29:04,http://web.archive.org/web/20161201032904/https://twitter.com/Crystal1Johnson
2016-12-01 03:29:14,http://web.archive.org/web/20161201032914/https://twitter.com/Crystal1Johnson
2016-12-01 03:29:24,http://web.archive.org/web/20161201032924/https://twitter.com/Crystal1Johnson
2016-12-01 03:29:34,http://web.archive.org/web/20161201032934/https://twitter.com/Crystal1Johnson
2016-12-01 03:29:44,http://web.archive.org/web/20161201032944/https://twitter.com/Crystal1Johnson
2016-12-01 03:29:54,http://web.archive.org/web/20161201032954/https://twitter.com/Crystal1Johnson
2016-12-01 03:30:04,http://web.archive.org/web/20161201033004/https://twitter.com/Crystal1Johnson
2016-12-01 03:30:14,http://web.archive.org/web/20161201033014/https://twitter.com/Crystal1Johnson
2016-12-01 03:30:24,http://web.archive.org/web/20161201033024/https://twitter.com/Crystal1Johnson
2016-12-01 03:30:35,http://web.archive.org/web/20161201033035/https://twitter.com/Crystal1Johnson
2016-12-01 03:30:44,http://web.archive.org/web/20161201033044/https://twitter.com/Crystal1Johnson
2016-12-01 03:30:55,http://web.archive.org/web/20161201033055/https://twitter.com/Crystal1Johnson
2016-12-01 03:31:05,http://web.archive.org/web/20161201033105/https://twitter.com/Crystal1Johnson
2016-12-01 03:31:15,http://web.archive.org/web/20161201033115/https://twitter.com/Crystal1Johnson
2016-12-01 03:31:24,http://web.archive.org/web/20161201033124/https://twitter.com/Crystal1Johnson
2016-12-01 03:31:35,http://web.archive.org/web/20161201033135/https://twitter.com/Crystal1Johnson
2016-12-01 03:31:45,http://web.archive.org/web/20161201033145/https://twitter.com/Crystal1Johnson
2016-12-01 03:31:54,http://web.archive.org/web/20161201033154/https://twitter.com/Crystal1Johnson
2016-12-01 03:32:05,http://web.archive.org/web/20161201033205/https://twitter.com/Crystal1Johnson
2016-12-01 03:32:14,http://web.archive.org/web/20161201033214/https://twitter.com/Crystal1Johnson
2016-12-01 03:32:25,http://web.archive.org/web/20161201033225/https://twitter.com/Crystal1Johnson
2016-12-01 03:32:34,http://web.archive.org/web/20161201033234/https://twitter.com/Crystal1Johnson
2016-12-01 03:32:44,http://web.archive.org/web/20161201033244/https://twitter.com/Crystal1Johnson
2016-12-01 03:32:54,http://web.archive.org/web/20161201033254/https://twitter.com/Crystal1Johnson
2016-12-01 03:33:04,http://web.archive.org/web/20161201033304/https://twitter.com/Crystal1Johnson
2016-12-01 03:33:14,http://web.archive.org/web/20161201033314/https://twitter.com/Crystal1Johnson
2016-12-01 03:33:25,http://web.archive.org/web/20161201033325/https://twitter.com/Crystal1Johnson
2016-12-01 03:33:45,http://web.archive.org/web/20161201033345/https://twitter.com/Crystal1Johnson
2016-12-01 03:33:54,http://web.archive.org/web/20161201033354/https://twitter.com/Crystal1Johnson
2016-12-01 03:34:04,http://web.archive.org/web/20161201033404/https://twitter.com/Crystal1Johnson
2016-12-01 03:34:15,http://web.archive.org/web/20161201033415/https://twitter.com/Crystal1Johnson
2016-12-01 03:34:25,http://web.archive.org/web/20161201033425/https://twitter.com/Crystal1Johnson
2016-12-01 03:34:34,http://web.archive.org/web/20161201033434/https://twitter.com/Crystal1Johnson
2016-12-01 03:34:45,http://web.archive.org/web/20161201033445/https://twitter.com/Crystal1Johnson
2016-12-01 03:34:54,http://web.archive.org/web/20161201033454/https://twitter.com/Crystal1Johnson
2016-12-01 03:35:06,http://web.archive.org/web/20161201033506/https://twitter.com/Crystal1Johnson
2016-12-01 03:35:15,http://web.archive.org/web/20161201033515/https://twitter.com/Crystal1Johnson
2016-12-01 03:35:25,http://web.archive.org/web/20161201033525/https://twitter.com/Crystal1Johnson
2016-12-01 03:35:35,http://web.archive.org/web/20161201033535/https://twitter.com/Crystal1Johnson
2016-12-01 03:35:46,http://web.archive.org/web/20161201033546/https://twitter.com/Crystal1Johnson
2016-12-01 03:35:55,http://web.archive.org/web/20161201033555/https://twitter.com/Crystal1Johnson
2016-12-01 03:36:05,http://web.archive.org/web/20161201033605/https://twitter.com/Crystal1Johnson
2016-12-01 03:36:15,http://web.archive.org/web/20161201033615/https://twitter.com/Crystal1Johnson
2016-12-01 03:36:25,http://web.archive.org/web/20161201033625/https://twitter.com/Crystal1Johnson
2016-12-01 03:36:36,http://web.archive.org/web/20161201033636/https://twitter.com/Crystal1Johnson
2016-12-01 03:36:45,http://web.archive.org/web/20161201033645/https://twitter.com/Crystal1Johnson
2016-12-01 03:36:56,http://web.archive.org/web/20161201033656/https://twitter.com/Crystal1Johnson
2016-12-01 03:37:06,http://web.archive.org/web/20161201033706/https://twitter.com/Crystal1Johnson
2016-12-01 03:37:15,http://web.archive.org/web/20161201033715/https://twitter.com/Crystal1Johnson
2016-12-01 03:37:25,http://web.archive.org/web/20161201033725/https://twitter.com/Crystal1Johnson
2016-12-01 03:37:35,http://web.archive.org/web/20161201033735/https://twitter.com/Crystal1Johnson
2016-12-01 03:37:45,http://web.archive.org/web/20161201033745/https://twitter.com/Crystal1Johnson
2016-12-01 03:37:56,http://web.archive.org/web/20161201033756/https://twitter.com/Crystal1Johnson
2016-12-01 03:38:06,http://web.archive.org/web/20161201033806/https://twitter.com/Crystal1Johnson
2016-12-01 03:38:15,http://web.archive.org/web/20161201033815/https://twitter.com/Crystal1Johnson
2016-12-01 03:38:26,http://web.archive.org/web/20161201033826/https://twitter.com/Crystal1Johnson
2016-12-01 03:38:36,http://web.archive.org/web/20161201033836/https://twitter.com/Crystal1Johnson
2016-12-01 03:38:45,http://web.archive.org/web/20161201033845/https://twitter.com/Crystal1Johnson
2016-12-01 03:38:56,http://web.archive.org/web/20161201033856/https://twitter.com/Crystal1Johnson
2016-12-01 03:39:06,http://web.archive.org/web/20161201033906/https://twitter.com/Crystal1Johnson
2016-12-01 03:39:16,http://web.archive.org/web/20161201033916/https://twitter.com/Crystal1Johnson
2016-12-01 03:39:26,http://web.archive.org/web/20161201033926/https://twitter.com/Crystal1Johnson
2016-12-01 03:39:35,http://web.archive.org/web/20161201033935/https://twitter.com/Crystal1Johnson
2016-12-01 03:39:46,http://web.archive.org/web/20161201033946/https://twitter.com/Crystal1Johnson
2016-12-01 03:39:56,http://web.archive.org/web/20161201033956/https://twitter.com/Crystal1Johnson
2016-12-01 03:40:05,http://web.archive.org/web/20161201034005/https://twitter.com/Crystal1Johnson
2016-12-01 03:40:15,http://web.archive.org/web/20161201034015/https://twitter.com/Crystal1Johnson
2016-12-01 03:40:27,http://web.archive.org/web/20161201034027/https://twitter.com/Crystal1Johnson
2016-12-01 03:40:37,http://web.archive.org/web/20161201034037/https://twitter.com/Crystal1Johnson
2016-12-01 03:40:46,http://web.archive.org/web/20161201034046/https://twitter.com/Crystal1Johnson
2016-12-01 03:40:56,http://web.archive.org/web/20161201034056/https://twitter.com/Crystal1Johnson
2016-12-01 03:41:05,http://web.archive.org/web/20161201034105/https://twitter.com/Crystal1Johnson
2016-12-01 03:41:16,http://web.archive.org/web/20161201034116/https://twitter.com/Crystal1Johnson
2016-12-01 03:41:26,http://web.archive.org/web/20161201034126/https://twitter.com/Crystal1Johnson
2016-12-01 03:41:36,http://web.archive.org/web/20161201034136/https://twitter.com/Crystal1Johnson
2016-12-01 03:41:46,http://web.archive.org/web/20161201034146/https://twitter.com/Crystal1Johnson
2016-12-01 03:41:55,http://web.archive.org/web/20161201034155/https://twitter.com/Crystal1Johnson
2016-12-01 03:42:06,http://web.archive.org/web/20161201034206/https://twitter.com/Crystal1Johnson
2016-12-01 03:42:16,http://web.archive.org/web/20161201034216/https://twitter.com/Crystal1Johnson
2016-12-01 03:42:26,http://web.archive.org/web/20161201034226/https://twitter.com/Crystal1Johnson
2016-12-01 03:42:35,http://web.archive.org/web/20161201034235/https://twitter.com/Crystal1Johnson
2016-12-01 03:42:46,http://web.archive.org/web/20161201034246/https://twitter.com/Crystal1Johnson
2016-12-01 03:42:56,http://web.archive.org/web/20161201034256/https://twitter.com/Crystal1Johnson
2016-12-01 03:43:06,http://web.archive.org/web/20161201034306/https://twitter.com/Crystal1Johnson
2016-12-01 03:43:15,http://web.archive.org/web/20161201034315/https://twitter.com/Crystal1Johnson
2016-12-01 03:43:26,http://web.archive.org/web/20161201034326/https://twitter.com/Crystal1Johnson
2016-12-01 03:43:37,http://web.archive.org/web/20161201034337/https://twitter.com/Crystal1Johnson
2016-12-01 03:43:46,http://web.archive.org/web/20161201034346/https://twitter.com/Crystal1Johnson
2016-12-01 03:43:56,http://web.archive.org/web/20161201034356/https://twitter.com/Crystal1Johnson
2016-12-01 03:44:06,http://web.archive.org/web/20161201034406/https://twitter.com/Crystal1Johnson
2016-12-01 03:44:16,http://web.archive.org/web/20161201034416/https://twitter.com/Crystal1Johnson
2016-12-01 03:44:27,http://web.archive.org/web/20161201034427/https://twitter.com/Crystal1Johnson
2016-12-01 03:44:36,http://web.archive.org/web/20161201034436/https://twitter.com/Crystal1Johnson
2016-12-01 03:44:46,http://web.archive.org/web/20161201034446/https://twitter.com/Crystal1Johnson
2016-12-01 03:44:56,http://web.archive.org/web/20161201034456/https://twitter.com/Crystal1Johnson
2016-12-01 03:45:06,http://web.archive.org/web/20161201034506/https://twitter.com/Crystal1Johnson
2016-12-01 03:45:16,http://web.archive.org/web/20161201034516/https://twitter.com/Crystal1Johnson
2016-12-01 03:45:26,http://web.archive.org/web/20161201034526/https://twitter.com/Crystal1Johnson
2016-12-01 03:45:36,http://web.archive.org/web/20161201034536/https://twitter.com/Crystal1Johnson
2016-12-01 03:45:46,http://web.archive.org/web/20161201034546/https://twitter.com/Crystal1Johnson
2016-12-01 03:45:56,http://web.archive.org/web/20161201034556/https://twitter.com/Crystal1Johnson
2016-12-01 03:46:06,http://web.archive.org/web/20161201034606/https://twitter.com/Crystal1Johnson
2016-12-01 03:46:16,http://web.archive.org/web/20161201034616/https://twitter.com/Crystal1Johnson
2016-12-01 03:46:26,http://web.archive.org/web/20161201034626/https://twitter.com/Crystal1Johnson
2016-12-01 03:46:37,http://web.archive.org/web/20161201034637/https://twitter.com/Crystal1Johnson
2016-12-01 03:46:47,http://web.archive.org/web/20161201034647/https://twitter.com/Crystal1Johnson
2016-12-01 03:46:57,http://web.archive.org/web/20161201034657/https://twitter.com/Crystal1Johnson
2016-12-01 03:47:06,http://web.archive.org/web/20161201034706/https://twitter.com/Crystal1Johnson
2016-12-01 03:47:17,http://web.archive.org/web/20161201034717/https://twitter.com/Crystal1Johnson
2016-12-01 03:47:26,http://web.archive.org/web/20161201034726/https://twitter.com/Crystal1Johnson
2016-12-01 03:47:37,http://web.archive.org/web/20161201034737/https://twitter.com/Crystal1Johnson
2016-12-01 03:47:46,http://web.archive.org/web/20161201034746/https://twitter.com/Crystal1Johnson
2016-12-01 03:47:57,http://web.archive.org/web/20161201034757/https://twitter.com/Crystal1Johnson
2016-12-01 03:48:07,http://web.archive.org/web/20161201034807/https://twitter.com/Crystal1Johnson
2016-12-01 03:48:16,http://web.archive.org/web/20161201034816/https://twitter.com/Crystal1Johnson
2016-12-01 03:48:28,http://web.archive.org/web/20161201034828/https://twitter.com/Crystal1Johnson
2016-12-01 03:48:37,http://web.archive.org/web/20161201034837/https://twitter.com/Crystal1Johnson
2016-12-01 03:48:47,http://web.archive.org/web/20161201034847/https://twitter.com/Crystal1Johnson
2016-12-01 03:48:57,http://web.archive.org/web/20161201034857/https://twitter.com/Crystal1Johnson
2016-12-01 03:49:07,http://web.archive.org/web/20161201034907/https://twitter.com/Crystal1Johnson
2016-12-01 03:49:17,http://web.archive.org/web/20161201034917/https://twitter.com/Crystal1Johnson
2016-12-01 03:49:26,http://web.archive.org/web/20161201034926/https://twitter.com/Crystal1Johnson
2016-12-01 03:49:37,http://web.archive.org/web/20161201034937/https://twitter.com/Crystal1Johnson
2016-12-01 03:49:47,http://web.archive.org/web/20161201034947/https://twitter.com/Crystal1Johnson
2016-12-01 03:49:57,http://web.archive.org/web/20161201034957/https://twitter.com/Crystal1Johnson
2016-12-01 03:50:06,http://web.archive.org/web/20161201035006/https://twitter.com/Crystal1Johnson
2016-12-01 03:50:17,http://web.archive.org/web/20161201035017/https://twitter.com/Crystal1Johnson
2016-12-01 03:50:28,http://web.archive.org/web/20161201035028/https://twitter.com/Crystal1Johnson
2016-12-01 03:50:37,http://web.archive.org/web/20161201035037/https://twitter.com/Crystal1Johnson
2016-12-01 03:50:48,http://web.archive.org/web/20161201035048/https://twitter.com/Crystal1Johnson
2016-12-01 03:50:57,http://web.archive.org/web/20161201035057/https://twitter.com/Crystal1Johnson
2016-12-01 03:51:07,http://web.archive.org/web/20161201035107/https://twitter.com/Crystal1Johnson
2016-12-01 03:51:17,http://web.archive.org/web/20161201035117/https://twitter.com/Crystal1Johnson
2016-12-01 03:51:27,http://web.archive.org/web/20161201035127/https://twitter.com/Crystal1Johnson
2016-12-01 03:51:38,http://web.archive.org/web/20161201035138/https://twitter.com/Crystal1Johnson
2016-12-01 03:51:48,http://web.archive.org/web/20161201035148/https://twitter.com/Crystal1Johnson
2016-12-01 03:51:57,http://web.archive.org/web/20161201035157/https://twitter.com/Crystal1Johnson
2016-12-01 03:52:07,http://web.archive.org/web/20161201035207/https://twitter.com/Crystal1Johnson
2016-12-01 03:52:17,http://web.archive.org/web/20161201035217/https://twitter.com/Crystal1Johnson
2016-12-01 03:52:27,http://web.archive.org/web/20161201035227/https://twitter.com/Crystal1Johnson
2016-12-01 03:52:37,http://web.archive.org/web/20161201035237/https://twitter.com/Crystal1Johnson
2016-12-01 03:52:47,http://web.archive.org/web/20161201035247/https://twitter.com/Crystal1Johnson
2016-12-01 03:52:57,http://web.archive.org/web/20161201035257/https://twitter.com/Crystal1Johnson
2016-12-01 03:53:07,http://web.archive.org/web/20161201035307/https://twitter.com/Crystal1Johnson
2016-12-01 03:53:18,http://web.archive.org/web/20161201035318/https://twitter.com/Crystal1Johnson
2016-12-01 03:53:27,http://web.archive.org/web/20161201035327/https://twitter.com/Crystal1Johnson
2016-12-01 03:53:37,http://web.archive.org/web/20161201035337/https://twitter.com/Crystal1Johnson
2016-12-01 03:53:47,http://web.archive.org/web/20161201035347/https://twitter.com/Crystal1Johnson
2016-12-01 03:53:59,http://web.archive.org/web/20161201035359/https://twitter.com/Crystal1Johnson
2016-12-01 03:54:08,http://web.archive.org/web/20161201035408/https://twitter.com/Crystal1Johnson
2016-12-01 03:54:18,http://web.archive.org/web/20161201035418/https://twitter.com/Crystal1Johnson
2016-12-01 03:54:29,http://web.archive.org/web/20161201035429/https://twitter.com/Crystal1Johnson
2016-12-01 03:54:37,http://web.archive.org/web/20161201035437/https://twitter.com/Crystal1Johnson
2016-12-01 03:54:48,http://web.archive.org/web/20161201035448/https://twitter.com/Crystal1Johnson
2016-12-01 03:54:58,http://web.archive.org/web/20161201035458/https://twitter.com/Crystal1Johnson
2016-12-01 03:55:08,http://web.archive.org/web/20161201035508/https://twitter.com/Crystal1Johnson
2016-12-01 03:55:18,http://web.archive.org/web/20161201035518/https://twitter.com/Crystal1Johnson
2016-12-01 03:55:28,http://web.archive.org/web/20161201035528/https://twitter.com/Crystal1Johnson
2016-12-01 03:55:37,http://web.archive.org/web/20161201035537/https://twitter.com/Crystal1Johnson
2016-12-01 03:55:48,http://web.archive.org/web/20161201035548/https://twitter.com/Crystal1Johnson
2016-12-01 03:55:58,http://web.archive.org/web/20161201035558/https://twitter.com/Crystal1Johnson
2016-12-01 03:56:08,http://web.archive.org/web/20161201035608/https://twitter.com/Crystal1Johnson
2016-12-01 03:56:18,http://web.archive.org/web/20161201035618/https://twitter.com/Crystal1Johnson
2016-12-01 03:56:27,http://web.archive.org/web/20161201035627/https://twitter.com/Crystal1Johnson
2016-12-01 03:56:37,http://web.archive.org/web/20161201035637/https://twitter.com/Crystal1Johnson
2016-12-01 03:56:48,http://web.archive.org/web/20161201035648/https://twitter.com/Crystal1Johnson
2016-12-01 03:56:59,http://web.archive.org/web/20161201035659/https://twitter.com/Crystal1Johnson
2016-12-01 03:57:08,http://web.archive.org/web/20161201035708/https://twitter.com/Crystal1Johnson
2016-12-01 03:57:18,http://web.archive.org/web/20161201035718/https://twitter.com/Crystal1Johnson
2016-12-01 03:57:28,http://web.archive.org/web/20161201035728/https://twitter.com/Crystal1Johnson
2016-12-01 03:57:38,http://web.archive.org/web/20161201035738/https://twitter.com/Crystal1Johnson
2016-12-01 03:57:48,http://web.archive.org/web/20161201035748/https://twitter.com/Crystal1Johnson
2016-12-01 03:57:58,http://web.archive.org/web/20161201035758/https://twitter.com/Crystal1Johnson
2016-12-01 03:58:08,http://web.archive.org/web/20161201035808/https://twitter.com/Crystal1Johnson
2016-12-01 03:58:19,http://web.archive.org/web/20161201035819/https://twitter.com/Crystal1Johnson
2016-12-01 03:58:28,http://web.archive.org/web/20161201035828/https://twitter.com/Crystal1Johnson
2016-12-01 03:58:39,http://web.archive.org/web/20161201035839/https://twitter.com/Crystal1Johnson
2016-12-01 03:58:49,http://web.archive.org/web/20161201035849/https://twitter.com/Crystal1Johnson
2016-12-01 03:58:59,http://web.archive.org/web/20161201035859/https://twitter.com/Crystal1Johnson
2016-12-01 03:59:08,http://web.archive.org/web/20161201035908/https://twitter.com/Crystal1Johnson
2016-12-01 03:59:19,http://web.archive.org/web/20161201035919/https://twitter.com/Crystal1Johnson
2016-12-01 03:59:28,http://web.archive.org/web/20161201035928/https://twitter.com/Crystal1Johnson
2016-12-01 03:59:38,http://web.archive.org/web/20161201035938/https://twitter.com/Crystal1Johnson
2016-12-01 03:59:49,http://web.archive.org/web/20161201035949/https://twitter.com/Crystal1Johnson
2016-12-01 03:59:58,http://web.archive.org/web/20161201035958/https://twitter.com/Crystal1Johnson
2016-12-01 04:00:10,http://web.archive.org/web/20161201040010/https://twitter.com/Crystal1Johnson
2016-12-01 04:00:19,http://web.archive.org/web/20161201040019/https://twitter.com/Crystal1Johnson
2016-12-01 04:00:29,http://web.archive.org/web/20161201040029/https://twitter.com/Crystal1Johnson
2016-12-01 04:00:40,http://web.archive.org/web/20161201040040/https://twitter.com/Crystal1Johnson
2016-12-01 04:00:49,http://web.archive.org/web/20161201040049/https://twitter.com/Crystal1Johnson
2016-12-01 04:00:59,http://web.archive.org/web/20161201040059/https://twitter.com/Crystal1Johnson
2016-12-01 04:01:09,http://web.archive.org/web/20161201040109/https://twitter.com/Crystal1Johnson
2016-12-01 04:01:19,http://web.archive.org/web/20161201040119/https://twitter.com/Crystal1Johnson
2016-12-01 04:01:30,http://web.archive.org/web/20161201040130/https://twitter.com/Crystal1Johnson
2016-12-01 04:01:39,http://web.archive.org/web/20161201040139/https://twitter.com/Crystal1Johnson
2016-12-01 04:01:49,http://web.archive.org/web/20161201040149/https://twitter.com/Crystal1Johnson
2016-12-01 04:01:59,http://web.archive.org/web/20161201040159/https://twitter.com/Crystal1Johnson
2016-12-01 04:02:09,http://web.archive.org/web/20161201040209/https://twitter.com/Crystal1Johnson
2016-12-01 04:02:19,http://web.archive.org/web/20161201040219/https://twitter.com/Crystal1Johnson
2016-12-01 04:02:30,http://web.archive.org/web/20161201040230/https://twitter.com/Crystal1Johnson
2016-12-01 04:02:39,http://web.archive.org/web/20161201040239/https://twitter.com/Crystal1Johnson
2016-12-01 04:02:49,http://web.archive.org/web/20161201040249/https://twitter.com/Crystal1Johnson
2016-12-01 04:03:00,http://web.archive.org/web/20161201040300/https://twitter.com/Crystal1Johnson
2016-12-01 04:03:09,http://web.archive.org/web/20161201040309/https://twitter.com/Crystal1Johnson
2016-12-01 04:03:19,http://web.archive.org/web/20161201040319/https://twitter.com/Crystal1Johnson
2016-12-01 04:03:29,http://web.archive.org/web/20161201040329/https://twitter.com/Crystal1Johnson
2016-12-01 04:03:40,http://web.archive.org/web/20161201040340/https://twitter.com/Crystal1Johnson
2016-12-01 04:03:49,http://web.archive.org/web/20161201040349/https://twitter.com/Crystal1Johnson
2016-12-01 04:03:59,http://web.archive.org/web/20161201040359/https://twitter.com/Crystal1Johnson
2016-12-01 04:04:10,http://web.archive.org/web/20161201040410/https://twitter.com/Crystal1Johnson
2016-12-01 04:04:19,http://web.archive.org/web/20161201040419/https://twitter.com/Crystal1Johnson
2016-12-01 04:04:30,http://web.archive.org/web/20161201040430/https://twitter.com/Crystal1Johnson
2016-12-01 04:04:40,http://web.archive.org/web/20161201040440/https://twitter.com/Crystal1Johnson
2016-12-01 04:04:50,http://web.archive.org/web/20161201040450/https://twitter.com/Crystal1Johnson
2016-12-01 04:04:59,http://web.archive.org/web/20161201040459/https://twitter.com/Crystal1Johnson
2016-12-01 04:05:10,http://web.archive.org/web/20161201040510/https://twitter.com/Crystal1Johnson
2016-12-01 04:05:19,http://web.archive.org/web/20161201040519/https://twitter.com/Crystal1Johnson
2016-12-01 04:05:29,http://web.archive.org/web/20161201040529/https://twitter.com/Crystal1Johnson
2016-12-01 04:05:40,http://web.archive.org/web/20161201040540/https://twitter.com/Crystal1Johnson
2016-12-01 04:05:50,http://web.archive.org/web/20161201040550/https://twitter.com/Crystal1Johnson
2016-12-01 04:06:00,http://web.archive.org/web/20161201040600/https://twitter.com/Crystal1Johnson
2016-12-01 04:06:09,http://web.archive.org/web/20161201040609/https://twitter.com/Crystal1Johnson
2016-12-01 04:06:19,http://web.archive.org/web/20161201040619/https://twitter.com/Crystal1Johnson
2016-12-01 04:06:30,http://web.archive.org/web/20161201040630/https://twitter.com/Crystal1Johnson
2016-12-01 04:06:40,http://web.archive.org/web/20161201040640/https://twitter.com/Crystal1Johnson
2016-12-01 04:06:50,http://web.archive.org/web/20161201040650/https://twitter.com/Crystal1Johnson
2016-12-01 04:07:00,http://web.archive.org/web/20161201040700/https://twitter.com/Crystal1Johnson
2016-12-01 04:07:10,http://web.archive.org/web/20161201040710/https://twitter.com/Crystal1Johnson
2016-12-01 04:07:21,http://web.archive.org/web/20161201040721/https://twitter.com/Crystal1Johnson
2016-12-01 04:07:30,http://web.archive.org/web/20161201040730/https://twitter.com/Crystal1Johnson
2016-12-01 04:07:40,http://web.archive.org/web/20161201040740/https://twitter.com/Crystal1Johnson
2016-12-01 04:07:50,http://web.archive.org/web/20161201040750/https://twitter.com/Crystal1Johnson
2016-12-01 04:08:00,http://web.archive.org/web/20161201040800/https://twitter.com/Crystal1Johnson
2016-12-01 04:08:10,http://web.archive.org/web/20161201040810/https://twitter.com/Crystal1Johnson
2016-12-01 04:08:20,http://web.archive.org/web/20161201040820/https://twitter.com/Crystal1Johnson
2016-12-01 04:08:30,http://web.archive.org/web/20161201040830/https://twitter.com/Crystal1Johnson
2016-12-01 04:08:40,http://web.archive.org/web/20161201040840/https://twitter.com/Crystal1Johnson
2016-12-01 04:08:51,http://web.archive.org/web/20161201040851/https://twitter.com/Crystal1Johnson
2016-12-01 04:09:00,http://web.archive.org/web/20161201040900/https://twitter.com/Crystal1Johnson
2016-12-01 04:09:11,http://web.archive.org/web/20161201040911/https://twitter.com/Crystal1Johnson
2016-12-01 04:09:21,http://web.archive.org/web/20161201040921/https://twitter.com/Crystal1Johnson
2016-12-01 04:09:30,http://web.archive.org/web/20161201040930/https://twitter.com/Crystal1Johnson
2016-12-01 04:09:40,http://web.archive.org/web/20161201040940/https://twitter.com/Crystal1Johnson
2016-12-01 04:09:50,http://web.archive.org/web/20161201040950/https://twitter.com/Crystal1Johnson
2016-12-01 04:10:00,http://web.archive.org/web/20161201041000/https://twitter.com/Crystal1Johnson
2016-12-01 04:10:10,http://web.archive.org/web/20161201041010/https://twitter.com/Crystal1Johnson
2016-12-01 04:10:21,http://web.archive.org/web/20161201041021/https://twitter.com/Crystal1Johnson
2016-12-01 04:10:36,http://web.archive.org/web/20161201041036/https://twitter.com/Crystal1Johnson
2017-01-26 18:08:20,http://web.archive.org/web/20170126180820/https://twitter.com/crystal1johnson
2017-02-02 10:16:43,http://web.archive.org/web/20170202101643/https://twitter.com/Crystal1Johnson
2017-02-09 20:05:07,http://web.archive.org/web/20170209200507/https://twitter.com/crystal1johnson
2017-07-13 17:18:27,http://web.archive.org/web/20170713171827/https://twitter.com/crystal1johnson?lang=zh-tw
2017-07-13 17:18:27,http://web.archive.org/web/20170713171827/https://twitter.com/crystal1johnson?lang=zh-tw
2017-07-13 17:18:27,http://web.archive.org/web/20170713171827/https://twitter.com/crystal1johnson?lang=zh-tw
2017-07-13 17:18:27,http://web.archive.org/web/20170713171827/https://twitter.com/crystal1johnson?lang=zh-tw
2017-07-13 17:18:27,http://web.archive.org/web/20170713171827/https://twitter.com/crystal1johnson?lang=zh-tw
2017-07-13 17:18:27,http://web.archive.org/web/20170713171827/https://twitter.com/crystal1johnson?lang=zh-tw
2017-07-13 17:18:27,http://web.archive.org/web/20170713171827/https://twitter.com/crystal1johnson?lang=zh-tw
2017-07-13 17:18:27,http://web.archive.org/web/20170713171827/https://twitter.com/crystal1johnson?lang=zh-tw
2017-07-13 17:18:27,http://web.archive.org/web/20170713171827/https://twitter.com/crystal1johnson?lang=zh-tw
2017-07-13 17:18:27,http://web.archive.org/web/20170713171827/https://twitter.com/crystal1johnson?lang=zh-tw
2017-07-13 17:18:27,http://web.archive.org/web/20170713171827/https://twitter.com/crystal1johnson?lang=zh-tw
2017-07-13 17:18:27,http://web.archive.org/web/20170713171827/https://twitter.com/crystal1johnson?lang=zh-tw
2017-07-13 17:18:27,http://web.archive.org/web/20170713171827/https://twitter.com/crystal1johnson?lang=zh-tw
2017-07-13 17:18:27,http://web.archive.org/web/20170713171827/https://twitter.com/crystal1johnson?lang=zh-tw
2017-07-13 17:18:27,http://web.archive.org/web/20170713171827/https://twitter.com/crystal1johnson?lang=zh-tw
2017-07-13 17:18:27,http://web.archive.org/web/20170713171827/https://twitter.com/crystal1johnson?lang=zh-tw
